Area_SqFt,Bedrooms,Bathrooms,Age_Years,Garage_Spaces,Location,Condition,SalePrice
2122.9,3,3,2.3,1,Downtown,Good,437600.0
1710.1,2,3,8.8,0,Downtown,Excellent,370100.0
2221.0,3,4,6.1,3,Suburb,Good,365500.0
2790.0,2,1,11.1,0,Suburb,Fair,353300.0
1647.8,4,1,13.2,2,Suburb,Fair,268600.0
1647.8,5,3,0.1,1,Suburb,Good,321600.0
2826.5,2,2,21.5,1,Rural,Good,342400.0
2298.8,6,2,18.7,2,Suburb,Good,337300.0
1494.8,3,3,6.8,0,Downtown,Good,385400.0
2152.7,3,3,0.8,2,Rural,Good,318100.0
1498.8,2,4,21.1,2,Suburb,Excellent,290700.0
1497.3,3,4,46.6,2,Waterfront,Good,356600.0
1957.3,4,3,4.1,1,Downtown,Good,370100.0
556.4,4,2,5.9,2,Waterfront,Fair,244600.0
678.8,2,3,3.0,2,Downtown,Good,246900.0
1434.5,2,1,12.9,2,Downtown,Excellent,299400.0
1141.7,3,1,2.5,1,Downtown,Good,218700.0
2004.3,3,3,6.6,1,Rural,Good,287500.0
1209.8,2,2,17.9,3,Rural,Good,168400.0
882.0,3,1,12.3,2,Suburb,Fair,190400.0
2752.7,4,1,7.3,1,Waterfront,Good,534000.0
1653.2,5,3,8.2,1,Suburb,Fair,286700.0
1843.9,3,2,12.4,1,Suburb,Excellent,293200.0
873.9,5,3,0.1,1,Rural,Excellent,177100.0
1446.2,3,1,1.2,1,Downtown,Fair,265800.0
1872.1,3,3,32.0,1,Suburb,Fair,281300.0
1051.9,2,3,1.2,2,Waterfront,Good,311800.0
2044.2,4,2,18.4,0,Waterfront,Good,402700.0
1409.6,6,2,37.9,2,Waterfront,Poor,296200.0
1610.4,4,1,4.7,1,Waterfront,Good,369400.0
1408.9,3,4,6.9,1,Downtown,Good,252200.0
3004.0,4,2,12.6,0,Rural,Fair,347600.0
1791.2,2,4,32.0,1,Suburb,Excellent,301500.0
1112.5,5,2,42.7,2,Waterfront,Excellent,363300.0
2334.7,3,3,20.2,2,Suburb,Good,345700.0
1006.5,3,3,1.4,1,Suburb,Excellent,251100.0
1935.8,3,3,16.6,1,Suburb,Fair,300000.0
526.2,4,4,7.9,1,Suburb,Fair,185500.0
936.7,2,2,9.5,2,Downtown,Fair,239400.0
1928.0,4,1,0.8,2,Rural,Good,277200.0
2280.0,2,3,3.2,1,Rural,Excellent,337900.0
1911.4,4,3,23.4,2,Downtown,Good,343700.0
1724.8,4,2,9.1,2,Rural,Excellent,282800.0
1604.3,4,1,5.4,0,Suburb,Good,250800.0
839.0,3,2,7.3,1,Suburb,Good,193000.0
1332.1,3,2,28.9,3,Downtown,Good,283300.0
1500.6,2,2,20.7,2,Rural,Fair,200200.0
2487.1,4,2,4.8,1,Rural,Poor,338600.0
2023.4,3,3,1.9,1,Suburb,Good,384700.0
654.0,3,1,4.4,1,Suburb,Good,150700.0
2010.7,3,2,38.0,1,Downtown,Good,359500.0
1549.7,2,2,13.1,2,Suburb,Good,249400.0
1360.0,4,1,11.4,1,Downtown,Fair,283500.0
2197.6,2,3,13.6,2,Downtown,Good,414000.0
2470.1,4,4,6.8,2,Suburb,Good,439500.0
2405.3,3,2,24.7,1,Waterfront,Good,453800.0
1254.5,1,3,11.1,1,Suburb,Excellent,234800.0
1599.0,3,3,1.9,1,Downtown,Good,292300.0
2015.3,1,3,2.1,2,Suburb,Good,327000.0
2434.1,3,1,11.5,1,Rural,Excellent,383000.0
1488.5,4,4,41.4,2,Rural,Excellent,247600.0
1679.3,2,2,5.5,2,Rural,Excellent,290200.0
1080.9,4,2,30.6,1,Suburb,Fair,196300.0
1022.5,1,1,21.7,3,Rural,Poor,87100.0
2328.1,2,2,4.3,3,Downtown,Fair,419400.0
2681.6,4,1,0.6,0,Suburb,Fair,302600.0
1753.2,3,1,1.6,1,Suburb,Excellent,281400.0
2452.3,2,2,19.6,3,Suburb,Good,344800.0
2035.1,3,3,3.3,3,Waterfront,Fair,411700.0
1380.7,3,3,7.0,0,Rural,Fair,197800.0
2034.9,4,2,10.4,0,Downtown,Fair,348000.0
2799.7,3,3,19.4,1,Downtown,Good,465400.0
1776.7,4,3,1.8,3,Suburb,Good,345500.0
2817.0,5,3,7.8,1,Downtown,Excellent,490200.0
400.0,3,1,10.0,1,Suburb,Excellent,111600.0
2334.2,5,3,11.7,2,Waterfront,Fair,479500.0
1856.6,3,4,25.6,0,Waterfront,Good,386000.0
1605.6,6,3,2.8,2,Suburb,Fair,258900.0
1859.6,2,2,24.7,1,Rural,Good,262200.0
508.1,4,2,17.7,2,Suburb,Excellent,209900.0
1657.2,3,2,12.2,1,Downtown,Good,351800.0
2032.1,3,2,18.0,2,Suburb,Good,324300.0
2760.6,4,1,8.0,2,Suburb,Good,427800.0
1463.1,4,2,2.2,1,Rural,Poor,220800.0
1274.5,1,3,16.4,0,Downtown,Fair,216100.0
1473.9,2,3,11.2,1,Suburb,Good,283600.0
2395.0,4,1,15.3,1,Suburb,Good,361500.0
2013.7,4,4,6.2,2,Waterfront,Fair,462900.0
1455.7,6,2,35.6,2,Suburb,Good,263300.0
2133.6,4,3,13.3,1,Rural,Excellent,371500.0
1863.1,6,3,1.3,2,Rural,Good,316000.0
2429.6,4,3,9.0,2,Downtown,Good,398400.0
1343.7,3,4,21.2,2,Suburb,Good,294500.0
1587.0,2,2,23.7,1,Rural,Good,182400.0
1545.1,4,3,10.2,1,Suburb,Good,312500.0
848.7,4,1,33.8,1,Waterfront,Excellent,280200.0
1992.5,1,3,4.7,1,Downtown,Good,385300.0
1969.7,3,3,7.9,1,Downtown,Good,394600.0
1803.3,6,3,34.3,1,Rural,Fair,257300.0
1647.5,3,2,34.0,0,Rural,Fair,197800.0
880.0,3,3,17.4,2,Waterfront,Good,304500.0
1526.6,3,1,29.4,1,Suburb,Excellent,209400.0
1577.2,2,1,1.4,1,Waterfront,Good,356000.0
1278.5,3,3,30.0,1,Rural,Fair,135500.0
1695.2,3,2,5.8,1,Rural,Fair,227500.0
2062.6,2,3,2.9,2,Suburb,Good,312300.0
3026.0,4,2,4.1,1,Suburb,Fair,402800.0
1913.5,3,1,8.1,1,Waterfront,Fair,415400.0
1967.4,4,3,4.3,1,Suburb,Good,363900.0
1751.6,5,2,5.8,1,Suburb,Poor,265900.0
552.8,2,1,2.2,1,Suburb,Good,134000.0
1782.8,4,3,5.3,2,Suburb,Good,315000.0
1839.1,3,2,12.7,1,Suburb,Fair,288500.0
3401.1,5,2,8.7,1,Downtown,Good,524400.0
1675.0,2,2,6.4,0,Rural,Good,250100.0
1996.0,4,3,20.6,1,Suburb,Good,319700.0
1777.4,4,3,33.6,2,Suburb,Good,284600.0
1040.4,3,3,21.2,2,Downtown,Good,250300.0
2542.8,2,1,6.1,2,Downtown,Excellent,426900.0
2288.8,4,3,20.5,1,Downtown,Good,409400.0
2314.2,4,3,2.5,1,Rural,Good,327000.0
1208.9,3,3,2.1,2,Downtown,Fair,278900.0
2711.8,4,2,6.4,3,Waterfront,Fair,537100.0
888.8,3,3,24.7,0,Downtown,Fair,176400.0
2181.5,4,3,4.2,1,Downtown,Good,399700.0
3223.8,2,1,1.0,1,Downtown,Fair,482500.0
1156.2,5,2,2.1,0,Downtown,Good,259900.0
1431.9,3,3,29.4,1,Rural,Good,214000.0
1864.8,3,1,15.1,0,Rural,Fair,230100.0
1472.7,2,4,4.4,2,Suburb,Good,307900.0
792.1,2,3,12.2,1,Downtown,Good,198000.0
1844.6,3,2,11.2,0,Downtown,Fair,285700.0
1109.5,3,2,16.0,0,Suburb,Good,189100.0
2107.8,4,1,4.0,2,Waterfront,Good,413200.0
1202.4,1,4,30.0,1,Downtown,Good,264400.0
2807.5,3,2,5.6,2,Rural,Fair,334900.0
1290.9,3,3,17.8,1,Suburb,Good,294200.0
1590.7,1,2,0.2,2,Downtown,Excellent,369100.0
2328.8,2,1,7.0,1,Suburb,Good,338500.0
999.9,3,1,6.5,0,Downtown,Fair,221800.0
1947.8,3,2,11.8,1,Rural,Good,227200.0
2649.6,3,4,1.1,1,Downtown,Good,529000.0
755.1,3,2,23.4,1,Rural,Good,99800.0
1920.0,3,2,3.7,2,Downtown,Good,356100.0
1968.9,1,2,17.0,1,Waterfront,Good,343600.0
2308.2,3,2,24.4,0,Downtown,Excellent,415200.0
996.0,6,2,12.4,1,Rural,Good,149700.0
941.7,3,3,20.3,2,Rural,Good,161300.0
2139.3,4,2,16.3,3,Waterfront,Fair,415500.0
1993.0,3,2,6.6,2,Suburb,Excellent,328300.0
1962.8,4,1,24.8,1,Rural,Excellent,264100.0
2025.2,4,4,5.2,2,Suburb,Fair,348000.0
1358.0,3,1,12.7,3,Downtown,Good,246500.0
1951.0,6,1,20.5,2,Suburb,Fair,280900.0
1990.5,2,3,7.1,1,Downtown,Good,378000.0
1335.7,1,2,5.4,1,Waterfront,Good,389500.0
3012.8,4,2,9.2,1,Downtown,Fair,478200.0
2108.0,4,2,25.6,1,Suburb,Excellent,330000.0
1025.7,2,3,39.9,2,Suburb,Fair,154000.0
2226.8,3,1,11.8,1,Suburb,Good,330400.0
1166.5,1,3,16.2,0,Suburb,Good,190600.0
2311.6,3,2,35.0,2,Downtown,Good,400400.0
2553.1,4,2,1.6,2,Suburb,Fair,390400.0
1266.6,3,2,4.0,1,Downtown,Fair,276100.0
2426.2,3,2,18.5,2,Waterfront,Good,458600.0
2068.3,3,3,26.0,1,Rural,Good,314900.0
2334.3,1,2,29.2,2,Waterfront,Fair,405700.0
3032.9,3,2,8.0,2,Downtown,Fair,444400.0
1640.5,4,2,1.4,1,Downtown,Fair,363000.0
1310.1,6,4,8.6,2,Downtown,Good,283800.0
1221.8,4,2,3.9,2,Downtown,Good,264600.0
1269.7,1,4,5.2,1,Downtown,Fair,245000.0
1749.9,5,2,22.2,1,Suburb,Good,353700.0
2021.7,4,1,1.2,2,Downtown,Fair,394700.0
1979.8,4,1,26.4,1,Suburb,Excellent,362200.0
2337.7,3,2,8.4,1,Rural,Excellent,339700.0
1808.5,3,1,13.6,2,Suburb,Good,345400.0
2744.8,3,1,1.4,2,Suburb,Excellent,447300.0
1628.0,2,4,6.2,1,Suburb,Excellent,345200.0
3568.1,2,3,1.4,1,Suburb,Excellent,550400.0
2206.7,2,3,48.9,1,Downtown,Good,348600.0
1242.8,3,1,24.7,1,Suburb,Good,193600.0
1103.9,4,1,9.2,1,Suburb,Fair,179900.0
2113.6,3,1,3.8,2,Rural,Good,305400.0
1654.7,2,3,40.6,1,Rural,Good,220200.0
2264.1,6,4,6.3,1,Suburb,Fair,378200.0
2107.6,5,2,2.6,1,Suburb,Fair,369300.0
1752.7,4,1,12.4,3,Downtown,Good,260000.0
1249.6,6,2,43.2,1,Rural,Fair,172800.0
815.3,3,2,0.1,0,Suburb,Good,193700.0
1509.8,6,2,4.1,0,Downtown,Excellent,378200.0
2356.7,2,2,41.8,2,Downtown,Good,367500.0
1939.2,3,3,2.8,2,Downtown,Good,379400.0
990.3,2,1,1.8,1,Rural,Good,166900.0
1912.6,2,1,12.7,1,Downtown,Good,360400.0
2050.5,2,4,29.7,0,Suburb,Fair,285800.0
1225.5,4,1,9.7,1,Suburb,Excellent,256000.0
1899.9,4,1,78.2,1,Suburb,Fair,260600.0
1837.8,3,1,17.1,0,Rural,Fair,158100.0
1057.1,2,1,1.2,0,Rural,Good,126600.0
2032.6,4,2,74.1,0,Suburb,Fair,279900.0
2164.5,4,3,7.9,0,Downtown,Good,418000.0
2504.0,3,2,5.1,2,Suburb,Poor,361000.0
2485.0,4,2,12.2,1,Suburb,Fair,349000.0
904.5,3,3,5.4,1,Suburb,Fair,158600.0
1190.4,3,2,1.4,1,Suburb,Fair,191800.0
2134.8,5,3,0.0,3,Downtown,Good,461900.0
2134.0,3,3,9.0,2,Suburb,Excellent,366300.0
2134.8,3,1,27.2,1,Downtown,Good,347200.0
4304.3,5,3,12.7,1,Rural,Excellent,589200.0
2171.1,4,2,80.0,1,Suburb,Fair,282600.0
2538.1,2,4,5.1,1,Rural,Good,347500.0
2420.1,2,2,4.9,0,Downtown,Fair,373500.0
2223.4,1,4,2.6,2,Suburb,Good,322400.0
1595.1,4,3,2.7,1,Rural,Good,213700.0
2293.3,3,1,5.0,2,Downtown,Good,390900.0
1297.7,2,2,23.6,1,Rural,Good,138300.0
1646.1,6,4,35.4,2,Suburb,Good,358300.0
1484.5,3,3,55.4,2,Suburb,Good,180800.0
1853.2,2,1,4.0,0,Suburb,Excellent,286800.0
3304.5,3,3,32.0,1,Suburb,Fair,445200.0
586.3,4,2,6.0,1,Suburb,Good,148900.0
2246.1,2,1,1.8,1,Suburb,Good,305300.0
751.7,3,2,30.6,1,Suburb,Good,123700.0
1493.2,4,1,15.2,2,Suburb,Fair,208800.0
2507.8,3,3,2.7,1,Downtown,Good,428300.0
1841.8,3,2,8.4,3,Downtown,Good,401200.0
1099.5,3,3,5.1,0,Downtown,Good,259300.0
1335.1,1,1,20.0,3,Suburb,Fair,222800.0
2241.7,2,2,9.1,1,Rural,Excellent,340500.0
1325.3,3,1,68.0,2,Rural,Good,165600.0
1940.7,2,1,0.8,1,Downtown,Good,267100.0
1829.6,1,1,6.6,0,Waterfront,Good,356000.0
1376.5,4,1,9.9,2,Suburb,Excellent,307000.0
3193.6,6,2,10.5,1,Waterfront,Fair,548500.0
2212.0,4,2,5.7,2,Rural,Fair,344400.0
483.7,5,2,19.6,2,Rural,Good,145500.0
1921.2,2,2,31.2,1,Downtown,Good,307800.0
1369.8,6,3,41.9,1,Downtown,Poor,235100.0
2354.1,2,4,24.5,2,Downtown,Excellent,413100.0
1284.9,6,2,28.5,0,Rural,Good,174800.0
1725.4,6,2,12.0,2,Suburb,Good,281400.0
2128.2,4,1,26.2,2,Rural,Fair,270500.0
2362.7,6,4,5.4,0,Suburb,Fair,348200.0
1019.8,3,1,7.6,0,Rural,Good,156600.0
1582.6,3,2,5.7,2,Downtown,Excellent,362500.0
1491.3,3,2,9.4,1,Downtown,Good,253900.0
1375.3,3,2,5.0,1,Suburb,Excellent,314200.0
2947.5,2,1,48.9,0,Suburb,Excellent,410500.0
2063.2,4,3,5.6,1,Suburb,Good,366300.0
980.4,6,1,1.5,0,Rural,Good,147300.0
2396.6,2,2,11.2,1,Downtown,Good,410100.0
3179.4,4,1,0.9,2,Suburb,Good,496900.0
2471.1,5,1,1.8,1,Rural,Fair,321500.0
812.4,5,4,3.7,1,Downtown,Good,309200.0
1485.2,6,1,9.4,3,Waterfront,Fair,361900.0
2623.5,3,3,8.5,2,Waterfront,Excellent,569700.0
1340.0,6,2,24.1,2,Downtown,Excellent,332400.0
2088.5,4,1,20.2,1,Downtown,Fair,348100.0
2303.5,2,4,8.3,2,Suburb,Good,335100.0
1197.5,3,1,6.1,0,Rural,Good,173500.0
1761.3,4,3,5.7,0,Suburb,Good,285800.0
400.0,2,1,22.3,1,Suburb,Fair,51800.0
1134.1,4,3,0.8,1,Rural,Good,244000.0
1635.8,4,1,0.2,2,Downtown,Fair,298800.0
988.9,2,2,23.8,1,Rural,Fair,89200.0
2861.1,3,3,9.7,2,Rural,Poor,349600.0
870.4,4,4,2.1,2,Suburb,Fair,174000.0
1514.0,3,4,4.0,2,Rural,Good,289900.0
1885.0,1,3,40.4,1,Rural,Excellent,243400.0
2736.8,1,3,29.4,2,Downtown,Good,443200.0
866.7,3,1,18.6,1,Suburb,Good,194200.0
2556.1,5,2,9.9,0,Suburb,Fair,359300.0
1806.7,2,2,11.0,3,Downtown,Good,351200.0
1162.0,4,2,55.5,0,Waterfront,Fair,229800.0
2100.4,2,2,50.6,0,Downtown,Good,377600.0
1929.4,3,2,3.6,2,Suburb,Excellent,373700.0
1409.9,4,1,25.0,1,Suburb,Fair,202900.0
1845.4,4,3,3.3,2,Downtown,Good,351200.0
1549.5,2,1,3.6,1,Waterfront,Poor,304900.0
1873.8,3,2,16.9,1,Rural,Good,246100.0
2230.4,1,2,7.8,1,Suburb,Fair,358500.0
2830.9,3,3,40.2,1,Downtown,Good,409900.0
995.4,4,3,1.4,1,Downtown,Fair,246600.0
3186.5,2,2,10.7,2,Suburb,Good,456200.0
531.1,3,1,37.6,1,Downtown,Good,140000.0
1701.3,3,2,35.2,3,Suburb,Good,268800.0
2182.4,5,1,2.6,0,Waterfront,Good,438700.0
1982.6,6,2,6.9,1,Suburb,Excellent,392600.0
1395.2,1,2,14.5,2,Rural,Good,205600.0
1664.7,4,1,2.6,3,Suburb,Fair,282900.0
1479.5,3,2,51.6,0,Suburb,Fair,113200.0
1416.9,3,4,36.9,2,Rural,Excellent,250300.0
2352.2,4,4,2.7,2,Suburb,Good,362400.0
2032.1,5,2,1.9,1,Rural,Good,319300.0
1349.6,6,1,1.3,2,Downtown,Fair,321600.0
2384.7,3,1,36.0,0,Downtown,Good,336600.0
1999.7,3,2,3.2,2,Rural,Fair,262500.0
2328.4,4,4,8.1,3,Suburb,Excellent,418200.0
2209.3,3,1,8.9,2,Rural,Excellent,358000.0
1261.2,3,3,13.7,1,Waterfront,Fair,318400.0
1435.9,3,1,1.1,0,Downtown,Good,320500.0
2285.7,4,4,3.9,3,Suburb,Fair,392200.0
2196.7,2,2,40.2,1,Suburb,Good,310500.0
1786.4,2,3,35.9,0,Suburb,Excellent,295800.0
1876.3,5,2,22.8,2,Rural,Good,293100.0
2630.5,2,2,0.3,1,Downtown,Good,389000.0
1415.5,3,1,5.9,0,Suburb,Fair,212600.0
2155.6,2,1,14.8,1,Rural,Excellent,298600.0
1668.6,1,4,4.8,0,Downtown,Good,340000.0
1658.5,1,4,36.1,2,Rural,Good,221900.0
2514.2,2,3,15.1,2,Suburb,Fair,338200.0
2336.5,5,2,1.1,1,Waterfront,Good,480600.0
2328.8,3,3,36.0,2,Suburb,Excellent,354000.0
2648.6,6,1,47.5,2,Downtown,Good,371000.0
1813.7,3,2,1.2,2,Suburb,Good,326700.0
2243.3,3,2,11.4,0,Downtown,Good,391400.0
1598.3,3,2,5.4,2,Waterfront,Good,390600.0
2010.7,3,2,7.5,1,Downtown,Good,392100.0
1715.4,4,1,3.0,2,Rural,Fair,214500.0
1863.0,3,2,12.9,2,Suburb,Good,268100.0
2186.9,3,3,47.5,1,Suburb,Good,314900.0
1268.2,5,2,10.5,3,Downtown,Good,289100.0
3160.1,5,1,1.3,0,Suburb,Excellent,469000.0
1146.1,5,1,14.5,2,Suburb,Good,218500.0
1010.8,3,1,6.2,0,Downtown,Fair,186400.0
2552.8,4,2,29.1,3,Waterfront,Excellent,471300.0
2314.6,3,2,8.6,0,Suburb,Good,337000.0
2205.7,3,2,3.2,0,Suburb,Good,311400.0
2208.4,2,3,3.2,1,Suburb,Good,356900.0
1792.0,3,2,22.0,1,Downtown,Good,303900.0
1216.8,2,3,4.6,1,Waterfront,Fair,338600.0
1849.3,3,1,21.9,2,Suburb,Good,322300.0
1359.8,5,2,3.5,1,Downtown,Excellent,348100.0
2433.8,2,3,5.8,0,Suburb,Good,330000.0
1704.4,2,1,9.4,1,Suburb,Good,298700.0
1263.4,2,1,43.0,2,Suburb,Fair,204300.0
1591.1,5,3,40.3,2,Suburb,Fair,255200.0
2068.4,3,2,3.5,2,Downtown,Good,410200.0
1433.6,3,3,6.7,2,Downtown,Good,296300.0
1265.6,4,1,2.4,1,Rural,Excellent,174000.0
1958.4,4,3,10.7,0,Downtown,Good,344400.0
1959.2,3,2,9.3,1,Rural,Good,315000.0
1470.5,4,1,34.7,2,Downtown,Good,236000.0
1493.8,4,2,39.9,3,Rural,Fair,190300.0
1950.8,4,1,7.3,1,Suburb,Excellent,339400.0
858.7,2,2,10.2,0,Suburb,Good,151100.0
885.1,5,1,34.0,0,Downtown,Fair,166500.0
1333.0,3,1,24.7,1,Downtown,Good,252600.0
1661.3,3,2,0.1,2,Downtown,Excellent,347200.0
2002.1,3,1,5.8,0,Downtown,Excellent,335500.0
2759.0,1,4,8.2,3,Suburb,Poor,396100.0
2357.5,2,1,3.9,1,Suburb,Excellent,401200.0
1696.0,4,2,3.3,3,Suburb,Fair,309300.0
1787.6,1,1,0.6,2,Rural,Poor,177800.0
1148.4,3,2,15.5,2,Suburb,Excellent,214600.0
1788.0,3,4,4.6,2,Suburb,Excellent,349300.0
1612.4,2,1,0.8,2,Suburb,Good,304000.0
2009.8,6,4,3.9,2,Suburb,Good,393800.0
1262.3,2,1,24.3,2,Suburb,Excellent,249200.0
2137.6,3,3,28.6,2,Rural,Good,317000.0
2796.3,3,2,9.9,3,Downtown,Excellent,506200.0
1729.3,2,3,8.1,2,Downtown,Good,339300.0
2061.1,1,2,57.2,2,Suburb,Excellent,318500.0
2248.6,4,2,3.4,2,Downtown,Excellent,423200.0
1539.2,6,1,3.6,1,Rural,Fair,183100.0
1945.7,2,1,5.2,0,Rural,Excellent,294900.0
1808.2,4,4,2.8,1,Downtown,Good,402400.0
1863.5,4,2,7.2,1,Downtown,Good,322200.0
1297.5,4,2,36.3,2,Suburb,Good,243600.0
1815.9,3,3,14.3,1,Suburb,Fair,324000.0
2123.7,3,2,8.0,2,Downtown,Good,379600.0
2743.2,3,4,40.9,1,Rural,Excellent,371000.0
2423.5,4,3,0.7,0,Suburb,Fair,371200.0
3199.6,4,2,3.5,2,Suburb,Good,467000.0
1301.2,2,3,12.5,2,Downtown,Excellent,295500.0
2367.0,3,1,14.3,1,Rural,Good,315000.0
1919.2,5,2,0.6,2,Downtown,Good,337700.0
3223.4,4,2,7.7,2,Rural,Good,403700.0
1274.6,6,1,15.7,1,Suburb,Good,236300.0
1254.2,4,3,18.0,0,Suburb,Good,231800.0
1410.4,3,4,15.2,3,Rural,Excellent,277100.0
419.5,3,2,5.8,1,Rural,Good,137000.0
1458.3,4,2,1.5,1,Suburb,Excellent,299300.0
1306.6,2,4,8.4,1,Downtown,Good,305200.0
1897.8,3,2,2.1,2,Rural,Good,253500.0
2022.1,4,2,44.2,2,Suburb,Good,322000.0
3019.5,2,2,9.7,2,Downtown,Good,464500.0
2417.8,4,4,5.7,0,Waterfront,Good,496800.0
1425.0,3,2,21.8,2,Downtown,Fair,260700.0
1216.0,6,3,10.3,1,Downtown,Fair,303400.0
2119.7,1,3,5.6,1,Downtown,Fair,317600.0
941.8,3,2,25.1,1,Suburb,Fair,98400.0
2990.4,4,2,30.3,1,Suburb,Good,419300.0
2566.6,3,3,16.8,2,Suburb,Poor,368600.0
1495.0,4,2,0.7,3,Suburb,Good,289600.0
686.5,4,3,12.5,1,Suburb,Fair,186900.0
2680.0,2,4,21.6,2,Suburb,Good,421100.0
1725.5,3,2,2.2,2,Downtown,Good,323000.0
2604.6,3,3,3.9,3,Waterfront,Fair,441900.0
763.6,3,3,32.1,1,Downtown,Excellent,223800.0
1410.4,5,3,0.3,2,Waterfront,Fair,394700.0
1803.4,4,2,21.0,1,Downtown,Good,320700.0
1830.5,4,1,9.6,2,Rural,Excellent,289700.0
1507.5,4,2,8.9,0,Downtown,Good,309400.0
2204.9,3,3,0.1,2,Downtown,Fair,363100.0
1106.0,5,2,25.7,1,Rural,Good,186200.0
1707.5,4,3,6.7,1,Rural,Good,304800.0
1878.2,4,2,11.7,2,Suburb,Excellent,340600.0
2134.4,5,2,17.0,2,Rural,Excellent,310600.0
2262.5,3,1,18.2,2,Suburb,Good,333500.0
1069.0,4,3,46.8,2,Rural,Excellent,132500.0
802.8,2,2,11.4,1,Suburb,Poor,131500.0
2630.5,3,1,7.7,1,Suburb,Poor,353100.0
2016.0,3,2,46.1,1,Suburb,Excellent,357300.0
1313.5,6,3,15.4,0,Suburb,Fair,232900.0
2808.2,5,2,5.3,2,Rural,Fair,390400.0
1875.2,4,1,2.0,2,Downtown,Fair,309700.0
2566.5,4,4,27.7,2,Downtown,Good,438100.0
1843.9,3,3,6.7,2,Suburb,Good,281100.0
3139.5,5,4,16.2,2,Suburb,Good,489300.0
2941.0,3,2,9.5,0,Downtown,Fair,434700.0
1638.2,3,2,3.3,0,Suburb,Good,279100.0
2431.5,2,3,13.8,2,Waterfront,Excellent,489800.0
2219.5,4,2,0.9,1,Downtown,Excellent,430600.0
2689.6,4,3,8.0,0,Suburb,Good,405200.0
1172.8,3,2,11.9,1,Rural,Excellent,196800.0
2245.9,1,2,8.6,2,Suburb,Good,339800.0
2488.0,4,1,20.7,1,Waterfront,Fair,441900.0
656.8,1,1,26.4,2,Rural,Poor,58100.0
1030.9,4,1,22.1,2,Suburb,Fair,168800.0
474.5,6,1,0.6,1,Suburb,Good,144700.0
1624.9,3,4,3.2,2,Suburb,Fair,283600.0
2266.4,2,1,11.5,2,Suburb,Good,315700.0
2776.5,4,3,41.0,2,Rural,Fair,339300.0
1848.2,4,3,27.0,2,Suburb,Excellent,390200.0
2858.6,3,2,27.7,0,Downtown,Good,413300.0
902.9,6,1,5.4,2,Downtown,Excellent,270500.0
692.8,2,3,8.4,1,Downtown,Excellent,224900.0
1763.9,3,2,9.5,3,Downtown,Poor,295900.0
2049.6,4,3,2.6,2,Rural,Good,307400.0
1778.7,5,3,0.5,2,Suburb,Poor,300000.0
456.2,2,4,44.0,1,Suburb,Excellent,103400.0
1742.1,4,2,4.1,1,Suburb,Good,324300.0
952.1,3,2,4.1,1,Rural,Fair,151400.0
2235.3,3,2,1.3,1,Suburb,Fair,301000.0
2038.3,2,1,39.6,1,Rural,Good,177300.0
1189.1,5,3,13.0,1,Suburb,Excellent,249600.0
1466.0,2,1,16.5,1,Waterfront,Good,320000.0
1111.5,3,2,36.4,3,Suburb,Excellent,294100.0
1759.3,3,3,6.4,0,Downtown,Good,349000.0
2420.8,5,2,14.6,3,Suburb,Poor,307200.0
1159.3,4,2,0.6,3,Suburb,Excellent,258300.0
2127.6,4,2,3.1,1,Downtown,Poor,344200.0
1455.3,3,3,26.7,2,Suburb,Excellent,291000.0
1284.6,4,2,21.8,1,Suburb,Good,194600.0
1730.4,3,3,6.5,2,Downtown,Poor,302400.0
1127.1,4,1,7.1,1,Waterfront,Good,291900.0
1440.1,5,3,11.4,1,Suburb,Excellent,277900.0
1021.4,1,3,0.0,2,Rural,Excellent,207100.0
3077.1,4,1,4.1,1,Suburb,Fair,445900.0
1822.9,2,2,3.5,2,Suburb,Fair,300600.0
1345.2,3,1,4.3,1,Suburb,Good,244900.0
1939.1,3,3,24.6,1,Suburb,Good,295100.0
1727.0,3,2,4.9,0,Waterfront,Good,398700.0
1656.4,3,2,3.2,0,Downtown,Fair,301600.0
2199.2,4,1,10.5,1,Rural,Excellent,328800.0
2292.4,3,1,30.1,0,Waterfront,Good,398700.0
1455.2,4,1,4.1,0,Suburb,Excellent,262500.0
1425.7,3,2,1.2,2,Waterfront,Good,363800.0
1621.2,2,2,6.6,0,Suburb,Good,319600.0
400.0,4,3,20.7,2,Waterfront,Excellent,278900.0
815.1,3,3,12.0,1,Rural,Good,128700.0
2688.5,3,2,25.5,2,Downtown,Excellent,440900.0
2869.2,4,4,48.1,1,Waterfront,Excellent,535700.0
1638.1,3,3,23.6,1,Suburb,Good,326800.0
2174.8,2,4,13.9,1,Suburb,Good,339500.0
2002.3,3,2,10.2,1,Suburb,Poor,298800.0
3801.3,5,2,0.6,2,Downtown,Poor,554200.0
2527.7,4,1,62.3,0,Suburb,Fair,307800.0
1716.9,4,3,7.3,3,Rural,Fair,278300.0
1178.9,4,1,2.5,1,Downtown,Fair,225900.0
755.8,2,2,16.5,1,Downtown,Good,176800.0
1932.3,3,2,5.0,2,Downtown,Good,400800.0
1308.4,4,2,13.2,1,Suburb,Good,262700.0
875.5,2,2,13.3,2,Rural,Fair,136900.0
1379.7,3,1,8.9,1,Rural,Poor,170300.0
1097.0,3,2,27.1,2,Waterfront,Good,310700.0
2896.6,3,2,4.6,0,Suburb,Good,471900.0
2373.1,6,4,8.9,2,Downtown,Good,457800.0
1794.8,2,3,11.6,2,Waterfront,Good,415400.0
2762.0,3,4,16.3,1,Rural,Excellent,379500.0
1850.3,2,3,23.0,0,Suburb,Good,262700.0
1240.2,6,2,7.5,1,Suburb,Good,221000.0
2790.0,2,1,15.6,3,Waterfront,Excellent,561600.0
2150.3,3,3,2.4,1,Rural,Excellent,279000.0
1125.8,4,2,40.5,1,Suburb,Good,181600.0
1676.3,4,2,7.2,0,Rural,Good,165800.0
1230.8,3,2,19.6,1,Downtown,Fair,214300.0
901.2,3,2,0.3,2,Suburb,Good,187600.0
2402.0,3,2,3.4,3,Suburb,Excellent,448800.0
3041.1,3,2,10.0,1,Downtown,Good,490800.0
890.9,2,1,31.6,2,Downtown,Excellent,199700.0
2165.9,3,3,11.2,1,Downtown,Good,413400.0
1377.1,3,1,39.9,0,Suburb,Excellent,225800.0
1483.4,3,1,9.9,1,Rural,Good,203000.0
1414.9,4,2,10.1,2,Waterfront,Poor,290600.0
1238.4,6,3,1.9,3,Suburb,Good,257100.0
1831.5,4,2,24.3,2,Suburb,Fair,257200.0
1259.9,2,2,4.3,1,Waterfront,Poor,285500.0
1975.8,2,2,34.5,1,Downtown,Excellent,355000.0
1767.3,6,2,36.3,1,Rural,Fair,267100.0
1644.7,3,4,43.1,3,Rural,Good,251200.0
1210.1,2,4,11.0,2,Downtown,Fair,195600.0
1425.1,3,2,17.0,2,Rural,Fair,194300.0
2291.0,4,2,22.6,1,Rural,Excellent,301300.0
2125.6,4,3,2.1,1,Downtown,Good,374000.0
1164.6,3,1,13.8,1,Downtown,Good,220000.0
1864.6,1,2,0.5,1,Downtown,Good,315700.0
2288.4,6,2,10.3,1,Suburb,Good,339900.0
714.9,3,4,2.5,0,Suburb,Excellent,220600.0
2153.2,4,1,3.0,0,Suburb,Good,294400.0
1369.3,4,2,6.8,2,Downtown,Good,307100.0
2170.9,4,3,8.5,2,Waterfront,Excellent,550800.0
1303.9,3,2,14.6,1,Suburb,Fair,175100.0
626.8,3,1,1.2,1,Downtown,Good,180100.0
742.1,3,4,10.5,1,Suburb,Excellent,155500.0
1831.3,5,2,3.0,2,Suburb,Good,317500.0
1968.8,5,2,12.8,2,Suburb,Excellent,378800.0
1212.2,2,1,15.2,2,Downtown,Good,261800.0
2215.1,2,2,12.2,2,Downtown,Excellent,410800.0
720.0,5,2,20.1,1,Rural,Excellent,181500.0
1757.0,4,1,6.1,1,Waterfront,Fair,430000.0
1012.8,5,1,21.7,1,Suburb,Fair,213800.0
1376.3,2,3,8.5,1,Suburb,Good,233400.0
1830.8,3,1,9.9,2,Suburb,Good,254500.0
1240.7,4,1,15.7,1,Rural,Fair,145600.0
1550.0,4,2,0.3,0,Suburb,Poor,208100.0
2454.1,3,3,15.9,1,Waterfront,Good,488400.0
1425.0,1,1,14.5,3,Suburb,Excellent,229500.0
2343.2,3,2,5.6,1,Suburb,Good,359400.0
1065.7,3,1,1.3,2,Suburb,Good,227600.0
2144.4,3,1,1.4,1,Waterfront,Fair,406500.0
2737.0,6,1,38.5,0,Rural,Good,320100.0
400.0,3,3,17.5,1,Downtown,Fair,178600.0
1282.0,4,1,2.0,2,Suburb,Fair,173000.0
2175.1,2,1,6.6,1,Suburb,Excellent,341900.0
1668.0,4,2,13.5,2,Suburb,Excellent,317000.0
2041.2,6,3,27.1,1,Rural,Fair,282000.0
1407.4,2,2,0.7,0,Rural,Fair,182800.0
1856.3,1,2,4.1,3,Rural,Good,277400.0
1698.8,3,1,33.1,1,Waterfront,Good,346200.0
2559.1,2,2,0.1,2,Downtown,Fair,401800.0
1965.4,4,2,3.4,2,Rural,Good,282600.0
2019.4,5,2,47.9,1,Rural,Fair,224900.0
1532.3,3,2,14.3,2,Suburb,Good,282700.0
1483.1,3,2,4.6,0,Rural,Good,195700.0
1518.8,3,1,1.0,1,Downtown,Good,315500.0
2056.4,4,2,0.4,0,Rural,Good,292900.0
1526.4,1,1,4.2,2,Suburb,Excellent,260300.0
1988.4,3,3,32.0,1,Downtown,Excellent,392300.0
3149.0,4,4,8.1,2,Suburb,Fair,456400.0
2366.2,4,4,19.1,3,Suburb,Fair,393700.0
1588.1,2,3,37.6,1,Downtown,Good,291100.0
2580.8,4,2,7.9,1,Downtown,Fair,400700.0
1534.8,2,3,3.2,1,Suburb,Good,283500.0
475.2,2,2,10.9,1,Suburb,Good,137900.0
1144.7,5,2,35.8,1,Rural,Good,195100.0
584.0,4,2,24.5,2,Waterfront,Good,272200.0
1571.5,1,2,1.0,3,Suburb,Good,282900.0
1812.0,2,3,17.7,3,Rural,Excellent,266300.0
2889.7,2,2,12.7,2,Suburb,Fair,460500.0
2012.5,3,2,35.7,2,Rural,Good,226300.0
1657.6,2,4,2.0,1,Downtown,Poor,321900.0
2339.1,2,1,11.5,2,Suburb,Fair,333200.0
400.0,3,2,31.7,2,Suburb,Good,82100.0
1953.1,4,4,7.9,1,Downtown,Fair,361100.0
2301.1,4,2,9.9,3,Rural,Poor,292300.0
838.9,4,2,1.1,1,Rural,Fair,165300.0
2543.4,2,1,4.9,2,Suburb,Good,355000.0
2020.0,6,2,5.9,2,Suburb,Good,346600.0
1530.1,4,3,43.5,3,Rural,Fair,145000.0
2211.3,4,2,5.0,1,Rural,Good,357200.0
3276.0,4,2,9.3,2,Downtown,Fair,478000.0
1918.2,5,1,16.7,1,Suburb,Good,312300.0
1961.3,3,1,2.7,1,Suburb,Good,303400.0
1501.4,2,4,10.0,2,Suburb,Good,276700.0
1247.6,4,2,20.1,2,Downtown,Excellent,321800.0
2339.7,4,2,30.2,2,Suburb,Excellent,425300.0
1243.5,4,1,14.8,1,Rural,Poor,143200.0
1846.5,3,3,16.6,1,Suburb,Excellent,350000.0
1489.5,2,4,2.0,2,Waterfront,Fair,373100.0
2111.3,3,2,43.7,1,Rural,Excellent,314500.0
2016.9,5,1,2.1,1,Waterfront,Fair,397500.0
2474.4,3,2,22.4,3,Downtown,Good,442700.0
1468.5,3,3,4.6,1,Rural,Fair,236800.0
1624.6,3,2,40.7,2,Downtown,Fair,297400.0
1163.8,3,3,19.1,1,Suburb,Good,203000.0
1511.2,5,2,21.0,1,Suburb,Excellent,289200.0
2045.2,4,3,3.7,1,Suburb,Good,353100.0
2292.0,4,2,8.8,1,Rural,Good,285900.0
1200.6,3,1,14.4,1,Rural,Good,204000.0
2365.2,4,2,22.0,1,Downtown,Fair,376700.0
2681.2,2,1,1.6,1,Suburb,Poor,352400.0
2068.7,4,4,49.2,0,Suburb,Poor,259500.0
3019.9,3,3,33.1,1,Suburb,Good,396400.0
1297.0,3,3,4.7,1,Rural,Fair,173300.0
991.0,4,2,26.0,0,Suburb,Fair,167000.0
643.8,5,1,11.0,3,Waterfront,Fair,267200.0
2772.4,2,3,9.3,2,Downtown,Fair,444400.0
2225.3,4,2,5.7,2,Suburb,Excellent,400600.0
1763.9,3,1,13.0,1,Suburb,Fair,244500.0
1982.0,3,2,19.6,3,Downtown,Good,371600.0
1068.4,1,1,7.9,2,Suburb,Good,222100.0
3389.7,3,2,14.9,2,Rural,Good,463000.0
1884.0,3,2,18.0,1,Rural,Fair,255100.0
1871.1,2,1,18.6,3,Suburb,Good,294100.0
2271.7,3,4,0.8,2,Suburb,Fair,330300.0
2112.7,5,1,29.5,2,Downtown,Good,336900.0
1945.5,2,1,9.2,1,Downtown,Fair,321600.0
1286.2,4,1,4.6,1,Suburb,Good,231000.0
2106.5,3,3,4.2,1,Downtown,Good,397000.0
3023.3,4,2,9.9,1,Rural,Good,448800.0
2674.5,3,2,32.7,2,Rural,Good,361700.0
2835.6,2,1,7.1,0,Waterfront,Good,523300.0
1467.7,2,1,20.8,0,Suburb,Excellent,247800.0
1156.8,2,2,1.5,1,Waterfront,Fair,274300.0
1718.2,2,3,9.7,1,Suburb,Good,285000.0
1836.2,4,3,71.8,1,Suburb,Good,240600.0
2511.2,5,1,22.1,2,Waterfront,Good,516400.0
699.9,4,2,3.5,2,Suburb,Fair,180600.0
2794.2,4,4,10.4,0,Downtown,Good,488900.0
1697.3,2,2,4.0,1,Rural,Fair,248000.0
1522.5,3,3,7.9,1,Waterfront,Poor,282100.0
1142.1,3,1,22.7,0,Rural,Fair,137300.0
724.3,2,4,22.1,2,Suburb,Fair,122200.0
2335.1,3,3,3.9,2,Suburb,Good,380500.0
1847.7,3,4,38.3,2,Waterfront,Excellent,425400.0
961.5,3,3,13.5,2,Downtown,Fair,243800.0
958.2,3,2,7.2,0,Suburb,Excellent,222200.0
1581.7,4,4,10.5,3,Downtown,Excellent,415000.0
2884.9,4,2,13.9,2,Suburb,Excellent,448600.0
1631.3,3,2,12.3,3,Suburb,Excellent,331400.0
823.0,5,3,10.0,0,Downtown,Good,239800.0
1640.3,6,3,10.5,3,Downtown,Fair,301500.0
1622.7,3,4,2.9,2,Suburb,Good,285100.0
400.0,3,1,25.1,2,Downtown,Good,141600.0
1764.7,3,3,11.7,0,Downtown,Excellent,389000.0
1649.9,5,3,2.1,2,Rural,Excellent,317700.0
2252.5,5,1,21.8,3,Suburb,Good,324500.0
3001.8,2,2,40.4,2,Suburb,Good,404300.0
2532.3,3,2,44.1,2,Waterfront,Fair,486600.0
1625.2,3,2,6.9,3,Downtown,Poor,290600.0
1080.8,3,4,2.2,1,Suburb,Good,228500.0
3472.7,2,2,11.0,2,Suburb,Good,503200.0
1838.5,5,3,1.8,1,Rural,Excellent,341100.0
1809.1,4,4,40.8,3,Waterfront,Good,400000.0
1784.3,4,2,3.0,0,Waterfront,Excellent,439900.0
1928.8,5,3,4.4,1,Rural,Good,292300.0
1706.2,4,2,7.8,2,Downtown,Excellent,385700.0
1427.1,3,3,7.2,2,Downtown,Fair,293000.0
1444.5,4,1,23.7,2,Suburb,Excellent,282000.0
1778.7,2,4,9.1,3,Downtown,Good,341200.0
1446.8,4,1,2.8,3,Rural,Fair,185600.0
1336.7,2,2,4.7,0,Suburb,Fair,229800.0
1869.2,4,3,10.7,1,Downtown,Excellent,387700.0
1634.3,2,2,2.4,0,Rural,Poor,191100.0
2777.6,2,2,14.2,1,Downtown,Good,429900.0
400.0,2,2,12.5,1,Suburb,Good,136200.0
2509.5,1,3,18.8,3,Suburb,Good,364000.0
2610.0,4,1,41.6,2,Suburb,Excellent,390300.0
452.3,4,1,36.5,0,Suburb,Good,115100.0
1577.3,3,2,43.8,0,Downtown,Good,297200.0
1558.6,2,2,4.2,2,Suburb,Excellent,284100.0
885.1,2,1,2.1,1,Rural,Good,178300.0
1294.4,1,2,5.4,1,Waterfront,Excellent,357300.0
1078.1,2,2,33.8,2,Suburb,Good,156900.0
2939.0,5,1,53.7,3,Suburb,Fair,396600.0
2408.2,2,2,29.4,1,Rural,Good,289900.0
2626.5,3,3,1.7,2,Waterfront,Good,528500.0
2269.1,2,1,44.2,1,Downtown,Fair,316500.0
1066.1,2,2,8.3,2,Suburb,Fair,186400.0
1459.1,3,3,0.1,1,Rural,Poor,169200.0
2118.1,4,2,8.8,0,Suburb,Good,357000.0
1005.6,2,3,0.7,3,Downtown,Excellent,264100.0
2263.4,2,2,11.8,1,Suburb,Poor,270300.0
1643.8,3,2,6.2,2,Downtown,Good,332900.0
1556.4,2,1,9.6,1,Suburb,Excellent,313200.0
2262.1,2,3,14.2,0,Suburb,Fair,311800.0
2088.8,6,3,30.5,0,Rural,Good,314800.0
1565.4,4,1,16.3,1,Suburb,Excellent,311000.0
2553.6,3,2,8.5,2,Downtown,Excellent,481100.0
1097.3,3,4,25.7,1,Downtown,Fair,229800.0
2200.4,3,2,35.4,2,Rural,Fair,236900.0
2185.5,3,2,1.9,2,Downtown,Fair,317400.0
1598.8,4,4,11.4,2,Suburb,Good,299000.0
2012.0,4,3,5.0,1,Downtown,Good,411400.0
986.8,2,2,0.7,3,Rural,Good,140700.0
2400.6,3,3,16.6,1,Suburb,Good,387700.0
1679.8,3,3,29.8,1,Suburb,Fair,228000.0
1460.2,5,2,2.7,1,Suburb,Good,276500.0
2481.9,4,2,25.1,1,Rural,Good,345900.0
1342.2,3,2,28.8,0,Suburb,Good,196700.0
884.5,2,4,36.9,2,Rural,Good,145200.0
788.2,4,3,4.6,1,Rural,Good,145000.0
2193.9,2,1,35.1,1,Waterfront,Fair,394300.0
967.7,3,3,5.8,2,Suburb,Fair,200800.0
2940.6,2,2,12.1,1,Waterfront,Fair,500400.0
446.7,4,1,0.8,1,Downtown,Fair,192900.0
2902.7,2,2,0.7,1,Suburb,Good,441300.0
1937.2,3,2,19.1,2,Rural,Poor,210000.0
1737.1,5,3,8.8,0,Downtown,Fair,324400.0
1445.8,2,1,4.4,1,Downtown,Good,272600.0
2059.4,3,3,3.2,1,Suburb,Good,343300.0
1775.5,3,2,16.6,2,Suburb,Good,353200.0
2517.1,1,1,0.0,2,Suburb,Good,375300.0
1874.2,4,4,24.6,2,Rural,Good,235900.0
1897.7,2,2,1.2,0,Rural,Excellent,273000.0
1563.7,3,2,3.2,1,Suburb,Poor,181500.0
1763.0,3,2,7.3,1,Downtown,Good,321700.0
2000.1,4,3,9.9,0,Waterfront,Excellent,409400.0
688.4,4,2,6.6,1,Downtown,Excellent,217900.0
923.7,3,1,5.8,1,Downtown,Fair,160600.0
2283.1,1,1,49.8,1,Downtown,Good,335700.0
1911.1,4,2,15.4,2,Suburb,Fair,295500.0
1680.4,3,3,0.4,1,Downtown,Good,345900.0
1812.0,4,2,8.4,2,Downtown,Good,347200.0
2025.9,4,1,31.2,1,Suburb,Good,261200.0
1449.2,4,1,5.4,1,Downtown,Good,302900.0
1294.1,3,2,1.5,1,Suburb,Good,287000.0
1927.3,3,4,21.3,0,Rural,Good,284300.0
1164.1,4,2,14.0,0,Rural,Excellent,192500.0
2065.4,3,4,12.7,1,Downtown,Good,349700.0
693.3,2,2,0.8,3,Downtown,Fair,170800.0
2469.0,5,1,2.3,2,Waterfront,Good,501600.0
2107.2,5,3,14.6,0,Downtown,Fair,392500.0
1966.4,3,2,3.5,2,Rural,Good,291300.0
2438.7,2,3,10.5,2,Downtown,Excellent,469200.0
2882.6,3,4,11.8,2,Waterfront,Excellent,599000.0
2459.3,4,1,5.0,2,Suburb,Good,391300.0
603.4,5,1,44.5,1,Suburb,Fair,84900.0
968.3,2,3,27.7,1,Rural,Fair,124600.0
1393.9,2,2,19.2,1,Suburb,Good,205800.0
1817.0,5,1,1.2,1,Suburb,Fair,286400.0
2136.5,3,1,1.7,1,Suburb,Good,336100.0
1328.3,3,1,10.2,2,Rural,Poor,192200.0
1921.4,6,3,2.6,3,Downtown,Good,370500.0
1309.0,2,1,57.4,3,Downtown,Fair,216400.0
1402.5,4,2,2.6,2,Suburb,Excellent,333000.0
885.7,2,2,10.0,2,Downtown,Good,240200.0
1199.9,3,2,6.8,3,Suburb,Good,257700.0
921.4,4,1,15.3,0,Downtown,Fair,205500.0
1165.7,3,3,2.1,1,Suburb,Good,267500.0
2484.9,6,1,8.4,1,Downtown,Fair,380400.0
1182.9,3,3,4.8,2,Suburb,Good,207000.0
3511.0,3,3,32.8,1,Downtown,Excellent,558600.0
2120.7,2,2,0.6,2,Downtown,Good,323900.0
1920.1,3,2,36.8,0,Downtown,Good,346100.0
1242.1,3,2,26.8,1,Waterfront,Good,340400.0
2255.2,2,2,5.3,2,Downtown,Excellent,409000.0
1425.8,3,3,23.4,1,Rural,Excellent,227800.0
1879.3,3,3,0.5,1,Downtown,Good,360300.0
3464.1,4,2,51.1,1,Downtown,Good,504000.0
1737.6,4,2,11.2,1,Suburb,Good,294600.0
2547.0,4,4,5.4,2,Suburb,Fair,418700.0
1342.9,1,4,6.8,1,Waterfront,Good,343800.0
1777.3,2,2,1.0,2,Waterfront,Good,419900.0
2951.0,4,2,68.1,0,Rural,Fair,330000.0
1392.5,3,2,0.6,2,Suburb,Fair,223400.0
2978.1,1,4,16.0,1,Suburb,Good,469400.0
2260.0,4,1,8.8,2,Suburb,Excellent,347400.0
1434.4,4,2,44.6,2,Waterfront,Good,329700.0
2211.1,3,2,4.2,1,Suburb,Good,370700.0
2432.2,2,2,11.4,2,Suburb,Good,347500.0
2204.2,4,2,9.9,2,Downtown,Good,403400.0
779.4,3,4,18.2,1,Downtown,Good,239700.0
1327.4,4,1,1.1,1,Waterfront,Good,317800.0
1639.1,4,2,3.2,3,Suburb,Fair,279000.0
1751.6,4,1,3.6,2,Suburb,Good,291000.0
2203.4,3,1,20.1,1,Downtown,Fair,325500.0
1915.5,2,2,3.1,1,Rural,Good,321600.0
932.0,4,2,12.8,2,Downtown,Excellent,251300.0
2047.1,4,2,3.6,2,Rural,Fair,307500.0
2196.9,4,2,29.7,2,Downtown,Good,367100.0
2163.9,2,1,42.8,1,Rural,Good,219000.0
2502.5,2,2,11.0,2,Rural,Excellent,367000.0
2342.0,5,4,6.5,1,Downtown,Good,456400.0
2098.5,4,4,4.0,1,Suburb,Good,388200.0
1754.4,5,2,0.8,2,Suburb,Excellent,386900.0
720.4,4,2,4.7,3,Downtown,Good,302900.0
2079.3,3,4,15.9,1,Rural,Good,310400.0
1935.0,4,1,11.4,1,Suburb,Good,286300.0
1976.5,5,3,43.2,2,Suburb,Excellent,359600.0
970.1,3,4,7.6,1,Downtown,Poor,211900.0
1097.3,4,1,17.8,2,Suburb,Good,226800.0
2484.5,2,1,10.1,2,Rural,Good,288600.0
1774.3,3,4,10.8,0,Suburb,Good,364400.0
2243.0,4,2,4.7,3,Waterfront,Good,493400.0
1818.4,3,1,9.1,2,Waterfront,Good,347900.0
1819.3,2,2,9.5,2,Downtown,Fair,296000.0
2409.9,3,2,18.4,2,Downtown,Good,425000.0
1464.6,2,3,42.4,2,Rural,Good,223000.0
1862.5,2,3,6.0,0,Suburb,Excellent,298300.0
1499.5,3,4,0.6,1,Downtown,Fair,326200.0
1517.6,5,2,10.3,2,Downtown,Excellent,302200.0
1599.0,3,2,11.8,1,Suburb,Good,264000.0
1944.4,2,2,2.8,0,Rural,Poor,248600.0
1488.8,2,2,21.4,2,Downtown,Good,269600.0
2616.2,4,1,62.9,2,Downtown,Poor,307600.0
1218.5,3,4,43.7,1,Waterfront,Excellent,349500.0
1678.5,4,3,3.3,2,Rural,Excellent,285300.0
1514.2,4,2,31.2,2,Suburb,Fair,249300.0
2740.5,4,2,18.3,1,Rural,Fair,323300.0
1927.8,3,1,9.1,2,Suburb,Good,283800.0
2470.7,4,2,11.7,1,Rural,Good,288500.0
834.4,3,3,28.4,1,Suburb,Good,175800.0
1973.6,5,2,9.8,1,Downtown,Good,365000.0
2378.3,4,4,7.0,1,Rural,Good,326400.0
1853.5,3,2,10.2,1,Suburb,Fair,283100.0
2492.6,3,2,13.0,2,Waterfront,Excellent,535100.0
1463.8,2,3,3.1,2,Suburb,Excellent,293400.0
2716.1,4,1,34.7,2,Waterfront,Good,489400.0
3294.3,2,2,16.8,2,Waterfront,Excellent,601000.0
1564.2,3,2,15.0,1,Downtown,Fair,249000.0
1510.4,3,2,1.6,0,Rural,Poor,229300.0
2744.7,4,3,13.9,2,Suburb,Good,417100.0
2826.7,4,2,1.9,0,Waterfront,Good,539900.0
1460.1,4,3,1.2,1,Suburb,Good,298300.0
1526.9,4,2,11.2,2,Rural,Excellent,259600.0
1616.8,2,2,7.7,1,Suburb,Excellent,309200.0
926.1,2,3,13.3,2,Downtown,Good,241300.0
1202.9,4,1,1.4,1,Downtown,Good,228600.0
1147.3,3,1,8.5,0,Suburb,Fair,167800.0
1300.9,3,2,2.9,1,Rural,Fair,163200.0
1777.5,1,2,65.3,2,Suburb,Good,219000.0
1952.2,3,1,12.4,1,Suburb,Good,263600.0
2807.8,1,2,17.4,1,Downtown,Good,458400.0
1151.1,5,2,5.9,2,Suburb,Good,280900.0
2439.8,2,2,1.5,3,Downtown,Good,446900.0
1660.9,3,4,55.9,1,Rural,Fair,229800.0
1767.8,1,2,5.1,1,Waterfront,Good,368000.0
2238.6,4,3,8.3,1,Suburb,Fair,330300.0
1070.2,3,1,15.7,3,Downtown,Fair,201800.0
2048.6,5,2,0.4,3,Downtown,Good,416600.0
1908.2,5,3,24.9,1,Suburb,Fair,305200.0
2120.1,3,2,11.5,2,Suburb,Excellent,364100.0
1988.0,5,3,4.9,1,Rural,Fair,319500.0
3395.9,6,2,1.0,0,Downtown,Fair,538800.0
1385.5,4,1,2.7,0,Rural,Good,176900.0
1454.9,4,2,33.8,1,Suburb,Good,220100.0
1395.0,2,2,17.4,1,Suburb,Poor,205800.0
1438.9,3,3,4.3,0,Suburb,Poor,244800.0
1385.7,2,1,1.0,2,Downtown,Excellent,321200.0
2572.9,2,4,17.6,1,Suburb,Good,441300.0
2723.3,6,4,12.7,2,Rural,Good,456200.0
1429.0,3,1,7.8,1,Suburb,Good,248500.0
1259.0,4,2,6.8,1,Rural,Fair,157000.0
2106.4,4,3,3.7,1,Suburb,Good,321700.0
1441.1,5,4,16.6,1,Downtown,Good,313300.0
2211.4,6,2,52.9,1,Suburb,Excellent,375600.0
1931.9,2,2,2.9,1,Suburb,Fair,331900.0
814.8,1,2,13.6,1,Suburb,Excellent,194900.0
2805.9,3,3,8.3,1,Downtown,Fair,475500.0
2967.3,2,2,8.9,2,Suburb,Fair,406000.0
1401.7,1,3,4.4,2,Downtown,Poor,267800.0
1548.0,3,1,26.2,0,Downtown,Fair,268800.0
1985.8,4,1,10.0,1,Suburb,Excellent,290800.0
2017.4,3,2,11.8,0,Suburb,Good,299200.0
2228.1,3,2,5.5,2,Waterfront,Fair,458200.0
3106.6,4,2,3.0,1,Suburb,Excellent,499900.0
1685.0,2,2,1.3,1,Rural,Excellent,238100.0
1281.1,1,2,18.8,1,Suburb,Good,145100.0
903.4,4,1,3.3,3,Rural,Excellent,181300.0
1324.9,4,2,17.6,1,Downtown,Fair,254400.0
1778.5,4,4,7.4,2,Waterfront,Excellent,438600.0
2966.5,1,2,8.1,1,Suburb,Good,421300.0
1463.6,4,2,9.5,3,Rural,Excellent,276700.0
1945.5,4,2,6.9,2,Suburb,Good,344000.0
1789.3,3,4,1.6,1,Downtown,Good,303400.0
2572.5,4,1,5.6,2,Suburb,Good,358800.0
3442.5,5,3,16.3,1,Downtown,Fair,523800.0
1454.9,3,3,16.4,2,Suburb,Good,278100.0
1481.9,3,2,5.1,2,Downtown,Fair,297500.0
2478.7,6,1,9.2,1,Suburb,Excellent,427900.0
2243.2,4,3,3.2,2,Waterfront,Fair,448700.0
3000.4,3,1,3.5,1,Suburb,Good,421700.0
2179.6,4,2,0.3,1,Rural,Good,296000.0
1566.5,3,3,34.1,1,Suburb,Excellent,303500.0
2183.9,2,1,3.5,2,Suburb,Good,307900.0
2520.7,3,3,3.9,1,Waterfront,Good,517200.0
2333.3,5,1,4.9,0,Rural,Excellent,352800.0
2129.7,5,3,2.0,2,Rural,Good,332600.0
2493.3,3,2,15.3,1,Downtown,Good,394000.0
2560.0,3,1,1.2,0,Suburb,Good,338300.0
2698.4,2,1,2.2,1,Downtown,Excellent,440700.0
2221.7,6,4,15.5,1,Suburb,Good,377400.0
1691.4,6,1,6.2,1,Suburb,Fair,215100.0
1895.4,4,1,18.5,0,Rural,Excellent,269900.0
2584.2,4,2,12.2,3,Rural,Good,389200.0
1269.0,4,2,4.4,2,Suburb,Good,262500.0
2039.6,3,2,15.8,1,Downtown,Excellent,373100.0
1544.3,2,1,1.9,1,Rural,Fair,189800.0
1818.7,3,2,11.5,1,Downtown,Good,319000.0
2631.0,4,1,8.6,2,Suburb,Good,399700.0
1924.2,4,1,4.7,0,Downtown,Excellent,409200.0
1830.2,3,2,13.9,1,Suburb,Fair,296300.0
916.1,5,3,30.8,2,Waterfront,Good,315300.0
2285.1,2,1,80.0,1,Downtown,Excellent,324900.0
2219.6,3,2,14.0,1,Suburb,Poor,317500.0
3206.1,4,2,7.8,2,Suburb,Fair,415600.0
1599.9,4,4,3.8,2,Waterfront,Excellent,436200.0
1942.4,4,4,4.5,1,Rural,Fair,300700.0
1962.1,3,3,9.8,2,Downtown,Excellent,419100.0
2825.3,2,1,6.9,0,Downtown,Fair,427600.0
1738.1,4,1,36.8,2,Suburb,Good,270800.0
1981.4,3,2,6.9,1,Suburb,Good,311700.0
2195.1,2,2,7.0,2,Suburb,Good,354600.0
1921.3,4,2,7.3,3,Downtown,Good,347200.0
1509.8,3,3,27.2,3,Downtown,Good,286600.0
1926.2,4,3,15.8,3,Suburb,Excellent,367500.0
2497.9,4,3,14.3,1,Downtown,Fair,416200.0
1132.8,2,2,6.1,1,Rural,Good,121800.0
1886.4,1,3,25.5,1,Downtown,Fair,315800.0
1344.9,4,2,0.6,2,Downtown,Good,320200.0
2576.8,4,1,30.7,2,Waterfront,Fair,447700.0
809.9,4,3,10.8,1,Suburb,Good,251800.0
1436.7,4,1,7.6,3,Rural,Good,203500.0
2045.2,4,2,10.3,2,Downtown,Poor,327100.0
2817.6,6,2,16.5,3,Suburb,Fair,416400.0
1757.3,3,3,0.2,2,Rural,Good,272800.0
1439.1,3,3,30.8,1,Suburb,Good,233800.0
3022.8,3,2,8.9,0,Rural,Excellent,387600.0
858.8,2,3,6.3,0,Suburb,Good,165700.0
400.0,3,2,2.2,1,Suburb,Poor,88600.0
2086.0,3,2,8.7,2,Suburb,Good,365200.0
1473.7,5,3,10.3,2,Suburb,Fair,322600.0
1136.2,3,3,7.8,2,Downtown,Good,306800.0
2260.4,3,4,17.0,2,Suburb,Excellent,382500.0
1958.5,3,1,8.2,0,Suburb,Good,276200.0
1433.3,2,3,48.8,1,Suburb,Good,213100.0
967.8,1,2,13.7,0,Rural,Fair,150400.0
2367.1,3,4,24.7,1,Suburb,Good,366700.0
2222.6,2,1,1.7,1,Waterfront,Excellent,427000.0
1735.5,4,3,7.6,0,Downtown,Fair,306900.0
3000.3,5,2,6.2,1,Suburb,Fair,454400.0
1104.4,5,2,12.6,1,Rural,Good,199400.0
808.4,4,2,29.6,2,Suburb,Good,165400.0
1350.3,2,2,1.2,1,Suburb,Good,255000.0
1770.4,5,2,1.1,1,Downtown,Excellent,325600.0
1958.2,5,3,28.5,1,Suburb,Fair,304900.0
1643.2,2,2,3.6,3,Downtown,Good,346500.0
2028.8,4,2,16.6,1,Waterfront,Good,400700.0
986.5,3,2,11.7,1,Suburb,Fair,151900.0
2738.4,4,1,26.8,2,Rural,Good,305800.0
1746.6,6,1,2.0,2,Suburb,Fair,331500.0
2526.2,1,2,2.1,3,Suburb,Fair,346300.0
2022.8,5,2,12.2,1,Suburb,Fair,318800.0
2096.9,4,1,43.9,1,Rural,Excellent,298200.0
2170.3,6,2,8.0,0,Rural,Good,353000.0
2091.0,3,2,5.9,2,Downtown,Good,373700.0
2217.8,4,2,14.0,1,Suburb,Good,333000.0
2663.9,2,2,40.0,1,Suburb,Good,365000.0
1927.7,3,1,27.2,1,Downtown,Good,351900.0
2260.9,2,4,80.0,1,Suburb,Excellent,326000.0
1741.7,6,3,0.3,0,Rural,Good,258800.0
2736.1,4,3,1.8,2,Suburb,Good,400200.0
1360.3,5,1,14.1,2,Rural,Poor,136000.0
2970.6,5,3,25.8,1,Suburb,Good,467900.0
1773.9,2,3,5.0,1,Suburb,Good,289300.0
870.0,3,3,4.1,2,Downtown,Excellent,259500.0
1883.3,2,1,23.2,1,Rural,Fair,192200.0
1357.3,2,2,0.9,1,Rural,Fair,181200.0
2346.4,2,3,6.9,1,Suburb,Good,358400.0
1375.8,3,2,10.6,2,Downtown,Fair,260800.0
1510.0,3,2,12.3,3,Downtown,Fair,322800.0
571.8,2,2,19.6,2,Downtown,Excellent,243500.0
1506.0,2,2,6.6,0,Suburb,Good,204600.0
400.0,2,1,14.2,1,Rural,Excellent,98400.0
770.5,6,2,13.2,2,Downtown,Excellent,247100.0
2294.3,4,1,11.9,0,Rural,Fair,272400.0
2310.8,6,2,15.3,3,Suburb,Good,394200.0
2076.5,3,2,4.5,3,Suburb,Fair,318800.0
1171.5,3,2,1.3,0,Waterfront,Excellent,353100.0
1769.0,4,1,1.9,3,Downtown,Good,362400.0
1797.7,3,3,3.8,1,Waterfront,Good,416600.0
1047.1,3,3,10.4,2,Downtown,Good,244100.0
2777.2,2,1,27.5,1,Suburb,Good,357800.0
2370.3,2,1,18.1,1,Rural,Fair,237100.0
1656.4,3,1,23.3,2,Waterfront,Good,336400.0
1817.5,3,3,6.5,2,Suburb,Good,365300.0
1935.4,4,2,7.8,0,Suburb,Excellent,321500.0
472.9,2,2,7.5,2,Rural,Good,64200.0
1639.3,2,1,3.2,1,Rural,Good,226800.0
1356.7,4,2,0.9,1,Downtown,Excellent,322200.0
1148.9,2,3,13.4,1,Rural,Fair,149900.0
1617.3,3,3,67.9,1,Suburb,Excellent,295100.0
2968.5,5,2,2.7,1,Suburb,Fair,448500.0
2216.5,2,1,0.7,0,Suburb,Good,310100.0
1428.7,2,1,22.7,0,Suburb,Good,198400.0
2172.2,3,1,4.4,0,Waterfront,Good,410200.0
2709.6,3,2,26.5,1,Suburb,Excellent,438100.0
2401.0,3,1,18.3,3,Waterfront,Fair,431000.0
1838.8,4,2,43.7,0,Downtown,Good,262500.0
1379.5,2,2,7.9,3,Rural,Good,208200.0
2253.8,3,4,16.3,2,Rural,Excellent,323400.0
2055.8,3,2,9.4,2,Suburb,Fair,364900.0
2381.9,2,3,14.9,2,Suburb,Excellent,374200.0
2212.9,4,3,9.0,2,Suburb,Good,365400.0
2482.2,3,1,3.1,0,Rural,Fair,307500.0
1452.1,3,3,10.6,1,Rural,Good,214500.0
2656.3,2,2,11.3,2,Downtown,Fair,405400.0
1928.4,3,2,25.0,2,Rural,Good,271500.0
3148.9,3,2,19.9,2,Suburb,Fair,470100.0
1352.0,4,4,16.4,0,Downtown,Good,316700.0
2928.4,2,2,1.8,2,Rural,Good,430700.0
1928.6,3,2,19.1,1,Suburb,Good,273100.0
1376.6,3,4,10.4,1,Rural,Good,232800.0
1485.5,4,1,33.7,1,Downtown,Good,272800.0
1591.8,3,3,37.9,2,Downtown,Fair,289700.0
2075.7,4,3,0.9,2,Suburb,Good,394700.0
2139.8,4,3,25.8,1,Downtown,Excellent,403100.0
1427.1,5,4,0.6,2,Rural,Excellent,282600.0
1784.2,3,4,6.9,1,Downtown,Fair,350300.0
3192.5,3,1,11.7,0,Suburb,Poor,354100.0
2922.9,4,3,2.4,0,Downtown,Excellent,510700.0
2083.6,6,2,20.6,0,Downtown,Good,370200.0
1824.7,5,2,0.1,1,Rural,Good,256800.0
1878.0,3,1,2.8,1,Downtown,Good,362300.0
2198.8,2,3,13.0,2,Suburb,Good,321600.0
1135.2,3,4,18.8,2,Waterfront,Good,331900.0
1632.7,4,4,37.3,0,Suburb,Excellent,309700.0
715.4,3,2,18.3,1,Rural,Good,148200.0
2059.5,3,1,16.7,1,Downtown,Fair,324800.0
2220.7,4,2,7.5,1,Downtown,Fair,396100.0
1485.9,3,3,0.0,0,Rural,Fair,225800.0
2823.1,5,3,1.9,0,Rural,Good,406100.0
1003.3,3,2,11.5,3,Suburb,Fair,161800.0
848.2,3,1,16.9,2,Suburb,Poor,90700.0
1945.9,3,2,8.1,1,Suburb,Excellent,343900.0
2480.6,4,2,19.7,1,Downtown,Fair,379400.0
2894.6,2,4,11.1,1,Rural,Poor,381400.0
1501.7,2,2,1.2,2,Suburb,Fair,261800.0
2501.1,6,2,3.2,1,Suburb,Fair,381600.0
1775.0,2,2,27.5,0,Rural,Good,189300.0
1687.8,3,1,19.4,2,Suburb,Excellent,307900.0
2374.4,3,4,33.8,1,Downtown,Excellent,408100.0
2224.0,3,2,1.9,1,Rural,Good,291200.0
775.3,4,2,69.4,1,Rural,Good,59100.0
2759.8,2,2,3.5,1,Suburb,Good,401500.0
2697.1,3,3,0.2,1,Downtown,Fair,469700.0
1393.4,3,3,80.0,1,Downtown,Fair,212100.0
2057.3,4,3,4.9,1,Suburb,Excellent,366300.0
2121.1,2,2,16.5,0,Suburb,Fair,251500.0
1969.4,3,2,2.9,2,Rural,Fair,279500.0
1442.3,2,1,13.0,1,Waterfront,Good,306800.0
1363.4,3,3,35.2,0,Rural,Good,184900.0
1783.4,2,1,5.8,2,Suburb,Poor,231900.0
2562.3,2,2,16.6,2,Rural,Fair,337400.0
2153.3,4,3,3.1,2,Suburb,Good,363700.0
1559.1,3,3,14.7,1,Downtown,Good,309400.0
2301.6,5,2,6.2,1,Downtown,Fair,403800.0
400.0,6,2,3.6,2,Suburb,Good,213500.0
2546.7,3,1,5.6,2,Waterfront,Good,502700.0
669.2,2,3,3.0,1,Downtown,Excellent,234400.0
1564.4,3,3,34.8,3,Downtown,Good,307500.0
1072.2,4,1,7.6,0,Waterfront,Fair,262700.0
958.5,3,2,4.2,3,Downtown,Good,226500.0
2554.5,2,3,8.9,2,Rural,Good,340700.0
1496.0,3,3,5.8,2,Suburb,Fair,239000.0
2025.2,4,1,20.5,3,Downtown,Good,375900.0
1769.5,4,2,53.2,2,Waterfront,Poor,297700.0
2110.1,2,1,8.6,1,Downtown,Poor,343800.0
1849.9,4,1,29.6,1,Suburb,Good,295200.0
966.1,2,4,12.5,0,Downtown,Fair,219200.0
2447.6,2,3,2.6,1,Downtown,Excellent,450400.0
1479.1,5,3,17.6,2,Downtown,Good,307700.0
788.2,2,1,10.8,1,Downtown,Good,196600.0
1521.7,3,3,15.8,1,Downtown,Good,332600.0
2775.5,1,2,33.1,2,Rural,Good,321700.0
2352.6,5,2,8.7,2,Suburb,Poor,304100.0
1573.4,4,2,34.7,0,Suburb,Excellent,291100.0
1573.0,4,1,20.8,1,Suburb,Excellent,289100.0
1590.9,4,3,10.1,1,Waterfront,Fair,338900.0
3149.9,2,2,13.9,2,Waterfront,Fair,511200.0
2048.3,3,1,5.9,0,Rural,Fair,225000.0
2079.5,3,1,61.7,2,Rural,Good,215900.0
2469.7,2,1,16.5,1,Suburb,Good,338400.0
1955.2,3,1,0.7,1,Suburb,Excellent,330400.0
1631.6,5,2,5.9,3,Suburb,Good,289200.0
1672.4,1,3,14.6,0,Suburb,Good,242500.0
1753.5,3,1,0.9,1,Suburb,Good,276900.0
1775.8,2,1,0.4,0,Suburb,Good,275000.0
2273.0,2,2,9.0,1,Waterfront,Good,433800.0
1833.8,5,3,6.1,1,Rural,Good,316600.0
2276.2,3,2,8.7,1,Suburb,Good,363100.0
1747.5,3,2,4.6,0,Rural,Good,203800.0
1851.1,4,2,2.7,1,Downtown,Good,365800.0
501.2,2,2,17.5,2,Downtown,Good,183500.0
2395.6,3,1,10.8,2,Suburb,Good,346800.0
2025.2,3,3,3.4,1,Suburb,Good,299600.0
2448.7,3,2,5.8,2,Downtown,Good,420800.0
400.0,6,2,13.4,1,Rural,Good,104700.0
3157.4,4,3,1.1,1,Suburb,Good,454800.0
1709.3,3,3,2.4,1,Suburb,Fair,243700.0
2520.3,4,1,1.1,1,Downtown,Poor,380200.0
1124.1,2,2,25.1,1,Downtown,Good,223500.0
2198.3,1,1,20.9,1,Rural,Good,251500.0
1115.3,2,1,21.0,2,Suburb,Excellent,214900.0
1394.6,3,3,18.9,3,Waterfront,Good,333800.0
3044.1,3,3,16.6,1,Waterfront,Good,536500.0
1676.1,4,4,9.7,2,Suburb,Fair,309700.0
1941.3,5,2,15.4,2,Downtown,Fair,338300.0
2365.5,3,1,0.6,2,Rural,Good,281500.0
2122.2,3,1,14.6,1,Waterfront,Fair,382700.0
1897.8,2,3,22.6,1,Suburb,Good,269700.0
2037.2,1,2,10.4,0,Rural,Good,263800.0
3362.2,3,2,6.6,1,Rural,Good,450500.0
1762.5,3,3,4.9,2,Suburb,Excellent,299600.0
1930.7,4,3,15.4,0,Suburb,Good,334800.0
2482.9,2,3,17.7,1,Rural,Fair,283200.0
2518.6,1,1,30.7,2,Suburb,Excellent,407600.0
2571.6,3,3,6.3,2,Downtown,Excellent,475700.0
2215.2,2,3,22.0,1,Suburb,Fair,283800.0
1057.0,1,2,12.4,2,Downtown,Poor,163200.0
2861.7,4,2,32.2,1,Downtown,Fair,436200.0
1054.9,2,2,11.3,1,Waterfront,Fair,263700.0
1996.7,4,4,10.9,1,Downtown,Excellent,414300.0
1309.7,3,1,12.9,2,Downtown,Good,305800.0
1758.3,2,2,20.8,3,Suburb,Good,265800.0
2013.7,3,1,50.2,0,Suburb,Excellent,294000.0
2008.9,4,3,1.1,1,Suburb,Good,380500.0
2074.2,3,1,0.8,1,Downtown,Good,367900.0
2848.9,4,1,41.6,1,Downtown,Excellent,415300.0
2094.8,2,2,11.3,0,Downtown,Excellent,393800.0
1641.3,4,4,14.3,1,Suburb,Excellent,302000.0
2426.7,2,1,9.9,2,Downtown,Good,429500.0
2573.2,4,1,1.5,2,Waterfront,Good,474900.0
1002.1,3,3,21.9,1,Suburb,Fair,251800.0
2188.3,5,2,20.6,1,Downtown,Good,421700.0
2255.8,3,4,5.6,1,Rural,Excellent,344700.0
1606.6,2,1,5.5,1,Suburb,Fair,233400.0
2694.2,1,2,27.3,2,Suburb,Good,393600.0
1702.5,4,1,1.1,3,Downtown,Good,357900.0
1881.6,3,1,31.9,1,Suburb,Poor,241100.0
1687.5,4,3,4.4,1,Rural,Good,294800.0
1810.1,2,2,13.5,2,Waterfront,Fair,366000.0
1087.4,3,3,41.2,1,Downtown,Good,221200.0
864.0,1,2,17.0,2,Suburb,Fair,135700.0
2836.4,6,2,8.0,1,Suburb,Excellent,493600.0
1249.5,4,2,17.5,2,Waterfront,Fair,323300.0
1155.6,5,4,6.3,1,Waterfront,Fair,345300.0
400.3,3,2,4.9,2,Downtown,Fair,175500.0
1384.7,4,2,80.0,2,Downtown,Excellent,212900.0
940.0,4,2,20.8,1,Suburb,Good,194800.0
2867.3,3,2,15.5,2,Downtown,Good,467600.0
2456.4,4,2,6.6,2,Suburb,Good,430600.0
1352.7,5,4,0.8,1,Downtown,Good,288400.0
3264.1,5,2,0.5,1,Suburb,Fair,511200.0
2438.1,4,3,12.1,0,Waterfront,Good,481600.0
1588.9,3,1,21.5,1,Waterfront,Fair,336500.0
400.0,3,3,11.6,1,Suburb,Excellent,206500.0
3289.1,6,4,27.6,2,Suburb,Good,523900.0
896.8,1,1,0.5,1,Rural,Good,134200.0
730.5,4,4,6.9,2,Downtown,Fair,231500.0
2464.7,4,2,4.1,1,Suburb,Good,373000.0
3385.8,4,4,8.9,1,Suburb,Fair,494600.0
2699.8,6,3,1.1,1,Downtown,Fair,446100.0
2166.5,3,2,46.2,1,Suburb,Fair,282300.0
2186.6,3,1,3.8,1,Downtown,Good,313600.0
2354.7,2,2,38.3,1,Suburb,Good,335800.0
2293.3,3,1,8.3,1,Downtown,Good,377700.0
1982.8,3,1,63.5,2,Suburb,Fair,232400.0
1867.7,3,1,12.1,2,Downtown,Good,338700.0
1759.3,4,2,40.1,1,Rural,Good,192200.0
1309.9,5,3,0.1,2,Suburb,Fair,305400.0
1617.6,2,1,20.7,2,Suburb,Fair,224900.0
699.6,3,1,35.0,0,Suburb,Excellent,144800.0
1736.1,5,2,2.3,3,Suburb,Excellent,327200.0
1157.4,2,1,1.5,2,Downtown,Excellent,280100.0
1082.7,2,1,8.3,1,Rural,Excellent,212100.0
1916.9,2,1,40.7,1,Downtown,Fair,304300.0
2704.8,3,4,11.7,0,Downtown,Fair,457400.0
2396.9,2,3,11.2,0,Rural,Good,333200.0
779.2,6,2,2.3,2,Downtown,Good,238500.0
1156.7,3,3,0.0,1,Suburb,Excellent,229500.0
2411.5,3,2,24.9,2,Suburb,Good,353900.0
1161.4,2,3,1.4,2,Suburb,Good,228200.0
1654.0,3,3,15.1,2,Rural,Fair,255100.0
2157.5,4,2,36.9,2,Suburb,Excellent,363400.0
1170.6,4,2,3.5,0,Suburb,Excellent,293600.0
1868.5,4,1,16.4,1,Rural,Fair,260400.0
932.9,3,2,1.2,2,Downtown,Excellent,261400.0
1409.1,5,3,13.9,0,Suburb,Fair,197700.0
2007.9,4,2,2.7,0,Suburb,Fair,339200.0
764.6,4,3,20.0,2,Suburb,Good,219800.0
2086.3,2,4,5.4,2,Waterfront,Good,419400.0
1787.2,1,1,9.3,1,Rural,Fair,240800.0
2159.1,2,3,13.7,2,Downtown,Good,392300.0
1945.5,4,3,2.8,2,Downtown,Excellent,416900.0
2686.7,3,4,20.3,1,Downtown,Good,493500.0
1881.4,3,4,5.4,0,Downtown,Good,396500.0
1520.9,5,3,16.3,3,Downtown,Fair,331100.0
1879.5,5,1,2.6,1,Suburb,Fair,304000.0
2153.1,5,3,17.5,0,Rural,Fair,304100.0
1831.8,3,1,2.1,1,Rural,Fair,221000.0
1826.4,4,3,8.3,2,Downtown,Fair,342300.0
1343.7,3,4,4.3,1,Suburb,Fair,223900.0
1369.1,2,2,20.7,1,Suburb,Good,214300.0
888.3,2,2,4.6,1,Rural,Good,130300.0
2937.2,3,2,32.0,3,Rural,Excellent,396800.0
991.5,3,2,33.4,1,Waterfront,Fair,257400.0
1349.6,4,2,3.3,2,Suburb,Good,250900.0
1333.0,2,3,14.3,3,Suburb,Poor,222700.0
2381.7,4,4,1.4,0,Downtown,Good,394000.0
1608.3,3,4,7.5,3,Suburb,Fair,286500.0
2611.0,3,1,18.7,3,Downtown,Excellent,456700.0
1362.2,3,3,16.2,2,Suburb,Good,245200.0
1981.3,3,3,14.7,1,Suburb,Good,317200.0
1257.0,3,2,5.0,2,Downtown,Fair,218700.0
3194.3,3,1,7.1,2,Downtown,Good,505800.0
1028.1,2,2,1.6,3,Downtown,Good,269100.0
2001.4,2,4,19.0,1,Downtown,Fair,356400.0
2212.0,3,2,10.5,2,Downtown,Good,413900.0
2069.0,5,3,18.5,1,Downtown,Excellent,419700.0
1679.6,3,2,4.3,1,Downtown,Good,334600.0
1715.6,4,3,5.9,1,Downtown,Excellent,379500.0
1828.5,4,1,6.1,2,Waterfront,Excellent,449100.0
1704.4,5,2,0.4,1,Suburb,Excellent,295800.0
2426.5,4,2,6.3,1,Downtown,Good,396200.0
3236.8,3,1,24.4,3,Suburb,Good,493100.0
1437.6,4,3,34.1,1,Rural,Good,145300.0
909.6,5,1,11.0,2,Suburb,Good,191800.0
1742.6,3,3,9.1,1,Downtown,Excellent,397200.0
3476.8,3,2,0.5,1,Suburb,Poor,459500.0
1277.6,1,2,31.7,2,Rural,Good,150700.0
2865.4,4,1,0.2,3,Rural,Fair,381900.0
2890.5,4,1,43.4,1,Suburb,Fair,359900.0
1440.2,2,4,10.1,2,Rural,Fair,212500.0
2169.8,3,2,6.3,0,Rural,Good,275600.0
2858.5,3,3,38.7,1,Suburb,Fair,412900.0
1553.6,2,4,0.4,1,Suburb,Good,322700.0
1667.7,6,1,13.1,0,Suburb,Good,275000.0
1421.9,2,2,11.9,1,Rural,Fair,142200.0
1140.4,2,3,3.7,1,Downtown,Fair,229400.0
1378.0,3,4,8.4,0,Waterfront,Good,355200.0
1004.4,4,4,15.8,1,Downtown,Good,275900.0
1822.2,1,2,19.5,1,Suburb,Excellent,274900.0
1299.5,4,3,0.0,2,Rural,Excellent,238700.0
1952.0,3,1,41.4,3,Downtown,Excellent,366700.0
788.7,2,4,2.7,2,Suburb,Good,223700.0
2015.1,2,4,4.0,1,Downtown,Excellent,393700.0
2341.8,3,1,4.6,3,Suburb,Excellent,360600.0
504.1,3,2,0.6,2,Downtown,Excellent,304100.0
2043.1,5,1,2.0,1,Suburb,Poor,312000.0
2598.0,4,2,64.4,0,Suburb,Excellent,363100.0
1013.7,6,3,5.7,2,Waterfront,Good,366300.0
2887.2,3,2,1.8,2,Waterfront,Good,533700.0
2072.4,6,1,1.7,2,Downtown,Fair,392800.0
1341.7,3,2,19.1,2,Rural,Good,199800.0
1763.8,3,4,28.9,2,Downtown,Fair,323900.0
2162.9,2,2,4.5,3,Downtown,Fair,363700.0
1849.4,2,2,0.3,1,Downtown,Fair,282500.0
2150.2,4,1,3.8,0,Waterfront,Excellent,507100.0
1201.6,3,4,0.9,2,Waterfront,Poor,295900.0
1910.1,2,3,1.6,1,Downtown,Good,322700.0
881.1,4,2,8.5,2,Downtown,Fair,212800.0
1727.7,3,1,3.9,3,Downtown,Good,306800.0
1212.5,3,1,10.9,2,Suburb,Fair,194400.0
1321.9,3,1,4.4,2,Suburb,Fair,231900.0
2603.5,4,2,42.3,1,Downtown,Good,432200.0
2509.4,4,4,35.5,1,Rural,Good,366600.0
2195.9,3,2,12.5,1,Suburb,Fair,309600.0
1090.0,3,3,6.6,2,Waterfront,Fair,310100.0
1594.3,3,2,7.2,2,Suburb,Fair,267000.0
2588.5,4,3,8.0,2,Suburb,Excellent,401500.0
1892.1,3,3,19.5,1,Rural,Good,280800.0
3307.6,2,1,9.0,1,Rural,Good,377400.0
2055.7,2,2,29.1,2,Downtown,Fair,375500.0
1924.8,3,2,43.3,1,Suburb,Good,266900.0
1599.1,3,1,6.1,1,Waterfront,Fair,334700.0
1886.8,4,2,12.3,2,Downtown,Poor,296100.0
1700.9,2,2,1.5,2,Downtown,Good,311000.0
2260.3,3,4,3.4,1,Suburb,Good,434100.0
2421.9,4,2,8.0,2,Rural,Fair,346900.0
1289.1,4,3,3.5,1,Rural,Good,177800.0
934.7,3,2,31.4,3,Waterfront,Excellent,350500.0
606.5,3,3,2.6,0,Suburb,Good,190300.0
2130.2,3,2,9.1,0,Downtown,Good,358400.0
1082.8,5,3,14.0,2,Suburb,Excellent,275000.0
400.6,2,2,17.7,1,Rural,Excellent,98800.0
2052.6,5,2,7.2,2,Downtown,Good,437100.0
3420.4,4,2,30.5,2,Downtown,Good,503100.0
1796.1,3,2,12.6,2,Downtown,Fair,319800.0
2345.0,1,1,8.7,3,Suburb,Good,333900.0
1853.2,3,1,1.0,1,Rural,Fair,198600.0
1735.7,3,1,9.4,2,Suburb,Fair,314600.0
2397.4,2,3,25.8,0,Waterfront,Good,416900.0
1611.3,4,1,14.3,1,Downtown,Fair,287000.0
1973.8,6,1,26.8,2,Waterfront,Good,373200.0
2009.1,3,3,10.2,1,Rural,Good,278900.0
1365.7,4,2,1.9,2,Suburb,Good,272700.0
2444.8,2,2,0.2,1,Waterfront,Fair,429600.0
1686.3,3,1,5.4,2,Downtown,Fair,312100.0
1308.8,2,4,18.0,3,Rural,Good,209200.0
2148.7,4,3,23.4,0,Rural,Excellent,353800.0
1216.0,5,3,5.3,2,Rural,Fair,235200.0
1818.3,4,2,10.3,2,Suburb,Fair,274300.0
1794.1,2,3,8.2,1,Downtown,Excellent,368800.0
2505.8,3,1,7.9,0,Suburb,Fair,344200.0
2108.6,3,1,3.9,2,Suburb,Excellent,375000.0
1783.7,3,1,2.2,1,Rural,Good,245400.0
2331.5,4,2,3.3,1,Rural,Good,334600.0
2703.6,4,2,0.9,2,Waterfront,Good,517600.0
2162.6,4,2,3.3,1,Downtown,Fair,372400.0
1806.7,3,1,0.1,3,Rural,Good,296100.0
947.3,3,2,14.8,2,Waterfront,Excellent,338500.0
1107.7,2,3,5.7,2,Rural,Good,201300.0
1601.6,3,2,54.3,0,Downtown,Good,279400.0
1403.8,3,3,3.2,1,Downtown,Good,298700.0
1678.5,4,1,6.4,1,Downtown,Fair,304700.0
1836.8,4,3,6.6,3,Suburb,Good,306300.0
2144.3,2,2,0.1,1,Suburb,Good,365900.0
1754.2,3,1,27.4,1,Waterfront,Good,289300.0
2116.2,2,1,0.5,1,Suburb,Good,316300.0
1841.9,2,2,42.2,1,Suburb,Good,288500.0
515.9,4,3,33.4,1,Suburb,Excellent,132800.0
1189.4,1,2,11.5,2,Rural,Good,178400.0
1706.3,3,2,11.8,0,Waterfront,Fair,335200.0
1013.7,2,3,15.9,0,Rural,Good,140100.0
2190.0,5,3,7.3,1,Suburb,Good,392800.0
2795.0,3,2,15.6,2,Suburb,Good,418300.0
2592.2,2,2,0.7,2,Rural,Excellent,333600.0
1661.3,3,1,0.8,1,Suburb,Good,247200.0
2769.0,4,2,9.2,2,Downtown,Good,488400.0
1896.6,6,2,12.0,1,Downtown,Good,377100.0
1580.9,2,4,32.8,3,Downtown,Fair,338900.0
1401.3,5,2,1.7,0,Rural,Fair,242700.0
1603.4,5,2,25.9,2,Downtown,Excellent,338500.0
1547.7,5,2,3.5,2,Downtown,Good,393100.0
1910.8,4,4,7.5,2,Downtown,Poor,347100.0
1904.4,4,3,5.7,1,Suburb,Fair,284300.0
1802.0,3,2,7.7,1,Suburb,Good,278500.0
2084.0,4,3,2.4,2,Suburb,Good,303500.0
2573.9,3,2,10.5,0,Downtown,Excellent,487600.0
2417.2,4,2,24.3,2,Downtown,Fair,428100.0
834.8,3,1,8.7,2,Suburb,Excellent,176900.0
400.0,4,2,10.1,2,Suburb,Good,133200.0
2407.3,4,1,28.3,0,Downtown,Good,379800.0
911.5,2,4,18.4,2,Downtown,Good,216800.0
1653.9,4,2,10.1,2,Rural,Fair,185500.0
1039.4,3,4,4.5,2,Suburb,Excellent,261400.0
628.7,4,2,32.4,0,Downtown,Fair,144200.0
2152.0,3,2,12.9,0,Downtown,Fair,334900.0
2293.5,3,2,3.7,1,Waterfront,Excellent,492400.0
1425.3,5,1,4.7,0,Suburb,Good,284500.0
400.0,3,2,24.4,2,Suburb,Excellent,140500.0
1444.9,4,1,0.7,3,Rural,Good,232000.0
2054.7,3,2,72.6,1,Rural,Good,244400.0
838.7,3,2,2.1,2,Rural,Excellent,194600.0
1919.2,3,3,23.8,0,Suburb,Poor,243500.0
1790.0,3,1,7.5,1,Suburb,Excellent,313400.0
2176.5,3,1,10.2,0,Downtown,Fair,351700.0
1877.7,1,2,31.9,1,Waterfront,Excellent,367400.0
1167.5,3,4,8.0,3,Suburb,Fair,267500.0
2577.8,1,3,11.6,0,Downtown,Good,448700.0
1697.0,6,2,0.8,2,Waterfront,Excellent,430900.0
1782.3,6,2,0.0,1,Waterfront,Good,427700.0
1193.4,3,1,4.2,3,Waterfront,Good,342500.0
1511.9,4,4,17.1,0,Rural,Excellent,252400.0
1224.9,3,3,1.9,1,Waterfront,Good,354300.0
1687.6,4,2,1.8,0,Downtown,Excellent,361000.0
2912.6,4,2,7.9,1,Rural,Good,358700.0
908.3,5,1,15.7,1,Rural,Fair,135400.0
751.2,3,4,18.7,2,Downtown,Poor,161800.0
2756.3,4,1,2.9,2,Downtown,Fair,459600.0
1663.9,3,2,1.2,2,Waterfront,Fair,353800.0
1365.1,6,1,42.3,1,Downtown,Good,258700.0
2475.9,1,3,4.5,0,Rural,Fair,341300.0
1406.3,4,3,28.8,1,Downtown,Poor,260300.0
2986.9,4,3,29.9,3,Downtown,Poor,423600.0
2240.7,4,2,22.2,2,Suburb,Excellent,353500.0
1482.9,2,3,2.8,2,Downtown,Good,296500.0
3202.3,5,1,25.9,2,Suburb,Good,466900.0
1406.3,2,2,22.0,0,Suburb,Excellent,257900.0
2282.4,4,1,13.6,1,Downtown,Fair,341500.0
1994.5,2,4,6.2,0,Downtown,Excellent,368600.0
2646.1,3,2,4.6,1,Suburb,Good,405500.0
2815.0,3,3,1.9,0,Downtown,Fair,441500.0
1820.8,3,3,10.7,1,Rural,Good,319800.0
1310.3,2,1,13.2,2,Suburb,Good,218300.0
2099.0,2,1,6.7,2,Downtown,Good,403200.0
1359.5,3,2,9.7,2,Suburb,Excellent,247200.0
3108.7,4,2,6.8,3,Downtown,Fair,454600.0
1888.7,5,1,15.4,0,Downtown,Fair,286800.0
1562.5,2,1,34.7,0,Downtown,Fair,264000.0
1920.0,3,3,2.7,2,Rural,Fair,315900.0
924.4,2,4,7.2,1,Waterfront,Fair,265900.0
1168.5,1,2,2.3,1,Rural,Excellent,185700.0
2580.3,4,2,14.7,1,Suburb,Fair,340200.0
1373.0,4,1,19.6,1,Downtown,Good,222900.0
1119.5,2,3,40.3,1,Suburb,Good,205000.0
2148.8,2,3,4.9,1,Rural,Excellent,338000.0
2570.7,1,1,45.0,1,Waterfront,Excellent,455200.0
2267.3,4,1,1.0,2,Downtown,Good,364200.0
2447.4,6,3,13.9,1,Downtown,Excellent,513200.0
1308.1,2,2,0.9,1,Suburb,Good,220600.0
875.8,2,1,33.6,1,Rural,Excellent,143200.0
2775.9,5,2,11.3,1,Rural,Good,347600.0
1590.3,5,2,16.6,2,Suburb,Fair,259100.0
1637.0,3,2,26.7,2,Waterfront,Good,371700.0
2663.3,2,3,2.4,2,Suburb,Good,421600.0
2161.5,1,3,0.6,1,Waterfront,Good,443700.0
2096.3,3,2,31.7,2,Waterfront,Fair,407400.0
3207.3,3,4,5.7,2,Rural,Good,427500.0
1381.7,1,2,2.1,1,Suburb,Excellent,267900.0
2403.1,3,3,9.5,1,Downtown,Poor,379700.0
1837.1,1,2,13.7,1,Suburb,Good,282900.0
1974.6,4,3,0.5,2,Suburb,Good,350300.0
2793.5,3,4,4.8,2,Rural,Excellent,405100.0
2130.1,1,1,0.5,0,Downtown,Excellent,342200.0
2149.9,3,4,8.2,2,Downtown,Good,351300.0
2497.1,3,3,33.8,0,Rural,Good,339700.0
1562.8,6,3,60.8,0,Downtown,Fair,287500.0
1254.5,3,1,15.2,3,Suburb,Good,244900.0
1120.9,3,3,2.6,3,Suburb,Good,250800.0
521.9,4,3,35.4,0,Suburb,Excellent,105400.0
3136.5,3,2,10.9,1,Downtown,Good,465900.0
1082.9,5,4,2.5,1,Rural,Fair,197000.0
1656.2,3,1,38.2,1,Suburb,Good,240700.0
1620.1,3,1,21.2,2,Waterfront,Good,349700.0
1999.8,2,2,19.7,3,Suburb,Poor,282400.0
2330.2,3,2,18.5,2,Downtown,Fair,375200.0
2359.3,4,2,3.4,1,Downtown,Fair,396100.0
1421.0,4,1,3.6,2,Downtown,Excellent,309300.0
1691.4,2,4,17.5,1,Suburb,Fair,292800.0
1983.7,2,1,3.7,3,Downtown,Fair,322900.0
1638.4,4,1,8.7,2,Suburb,Excellent,273500.0
2844.8,5,1,22.8,2,Suburb,Good,397500.0
2119.1,2,2,23.0,1,Downtown,Poor,301900.0
2277.7,3,4,9.1,1,Downtown,Fair,419000.0
2230.9,3,3,23.6,0,Rural,Fair,275400.0
2562.8,5,3,27.4,2,Waterfront,Fair,478300.0
1917.7,2,1,16.0,1,Downtown,Fair,269500.0
957.1,2,2,3.9,1,Downtown,Good,248000.0
2059.8,4,2,4.8,1,Waterfront,Fair,399600.0
1376.6,2,2,5.7,2,Downtown,Good,281600.0
1456.4,3,1,1.9,0,Waterfront,Excellent,406100.0
2181.1,3,3,4.8,2,Downtown,Good,414100.0
2604.9,3,2,3.5,2,Rural,Excellent,350700.0
1813.8,3,3,9.1,3,Suburb,Good,276200.0
2000.7,3,2,35.9,1,Waterfront,Good,391200.0
2906.4,2,1,1.7,1,Suburb,Good,382000.0
1956.5,3,2,19.1,1,Suburb,Fair,298800.0
3491.1,4,1,17.4,1,Downtown,Fair,505300.0
2167.6,4,3,1.5,1,Downtown,Good,407900.0
655.5,2,2,38.4,2,Rural,Good,70500.0
2289.7,2,1,12.6,1,Suburb,Good,371900.0
2047.8,3,4,6.8,2,Waterfront,Excellent,556700.0
2638.3,3,2,21.2,0,Suburb,Good,368600.0
2237.6,3,1,4.5,2,Rural,Good,313300.0
1710.0,4,2,17.7,2,Suburb,Good,291700.0
1004.2,2,2,0.6,2,Waterfront,Excellent,327500.0
1664.1,1,3,27.4,2,Waterfront,Excellent,372200.0
1247.2,3,3,8.9,2,Suburb,Excellent,248500.0
1422.7,4,4,15.2,3,Rural,Fair,199700.0
2182.6,2,2,3.8,1,Rural,Good,305700.0
2885.4,4,2,17.0,1,Downtown,Fair,431000.0
2056.5,3,3,22.2,0,Suburb,Fair,232400.0
1022.7,5,1,9.6,0,Downtown,Excellent,277200.0
2089.0,5,2,14.4,1,Rural,Poor,257700.0
2577.8,3,2,9.1,0,Downtown,Excellent,482800.0
1403.6,2,1,33.7,1,Downtown,Fair,232500.0
1712.9,3,2,10.3,1,Suburb,Excellent,274300.0
1809.5,2,3,27.7,0,Suburb,Fair,198500.0
1289.8,4,3,24.2,3,Rural,Good,194000.0
2221.4,4,1,7.9,0,Waterfront,Fair,397800.0
1721.4,4,1,3.9,2,Suburb,Good,314600.0
2072.7,4,2,7.8,1,Downtown,Good,374500.0
1223.1,3,3,26.2,3,Rural,Good,222500.0
1515.7,2,1,3.9,2,Suburb,Poor,177300.0
2269.5,4,3,11.1,2,Suburb,Fair,378400.0
1557.7,3,1,24.6,2,Suburb,Fair,242800.0
2922.5,4,2,6.5,0,Suburb,Good,380400.0
1540.2,3,2,15.4,3,Suburb,Excellent,333000.0
1946.0,2,3,4.2,2,Rural,Excellent,318100.0
2406.2,6,1,1.7,2,Suburb,Fair,381000.0
878.1,2,2,23.7,2,Rural,Good,106400.0
655.5,6,1,1.6,1,Suburb,Good,206100.0
808.3,6,3,4.7,2,Downtown,Fair,211100.0
2620.7,4,3,29.0,1,Rural,Good,374200.0
1441.3,4,1,6.4,2,Suburb,Good,275700.0
3462.8,3,3,54.2,0,Downtown,Fair,452400.0
1433.2,5,2,58.5,3,Suburb,Poor,243900.0
1920.0,3,1,4.7,0,Suburb,Fair,278000.0
2802.4,3,2,0.6,1,Rural,Good,397100.0
3104.0,4,1,18.3,2,Suburb,Fair,385800.0
3140.0,3,3,9.0,2,Rural,Fair,465600.0
2585.4,3,3,1.6,2,Downtown,Good,422200.0
2465.6,3,1,18.4,1,Suburb,Fair,357900.0
2185.1,3,2,0.5,0,Waterfront,Fair,394900.0
2305.9,5,3,30.6,2,Rural,Excellent,343700.0
1441.7,2,4,2.2,3,Downtown,Poor,305700.0
1268.2,5,2,2.0,2,Downtown,Good,324000.0
1797.8,4,4,2.9,1,Suburb,Good,298300.0
1689.4,4,2,48.4,3,Suburb,Good,293400.0
1505.4,3,2,17.7,1,Rural,Good,235800.0
2252.7,4,3,24.2,1,Rural,Fair,270000.0
2420.9,1,2,7.6,1,Suburb,Excellent,422600.0
1857.5,4,2,6.1,1,Rural,Good,233900.0
2760.4,1,2,4.0,2,Suburb,Excellent,418000.0
1057.9,5,3,9.8,1,Downtown,Good,283100.0
1674.1,6,3,12.0,1,Suburb,Excellent,319700.0
1334.1,3,2,15.0,1,Waterfront,Good,338200.0
586.8,2,2,4.5,0,Rural,Excellent,132400.0
1746.3,4,2,44.5,2,Suburb,Good,264800.0
1720.9,3,2,2.8,1,Suburb,Good,309800.0
2783.7,5,1,50.6,0,Waterfront,Good,464800.0
2210.0,2,3,0.2,2,Suburb,Excellent,396800.0
1134.3,2,2,9.8,2,Suburb,Excellent,269900.0
3005.2,6,2,6.1,2,Waterfront,Good,590900.0
2593.7,4,1,8.9,1,Rural,Good,363800.0
2178.4,4,1,12.7,2,Suburb,Fair,289300.0
1652.8,3,4,8.6,3,Suburb,Good,326700.0
1176.4,4,2,8.0,2,Suburb,Fair,192000.0
1558.1,3,1,19.8,2,Downtown,Good,257100.0
2507.7,4,2,17.4,1,Waterfront,Excellent,506500.0
3025.0,4,2,26.9,3,Suburb,Fair,403200.0
2803.1,3,1,4.3,1,Rural,Good,385300.0
1482.2,3,2,14.1,1,Downtown,Good,310500.0
1072.2,3,2,13.2,1,Suburb,Fair,134200.0
1891.6,4,2,6.9,0,Downtown,Good,326000.0
650.5,2,2,10.0,3,Rural,Good,83600.0
2010.1,4,2,5.6,2,Suburb,Fair,304600.0
1704.1,2,4,2.3,2,Suburb,Excellent,351800.0
1497.1,4,2,3.6,2,Downtown,Excellent,340300.0
763.4,4,2,1.7,1,Downtown,Fair,188400.0
2133.8,2,1,17.2,0,Downtown,Fair,351100.0
1453.7,2,2,16.2,2,Downtown,Good,226200.0
1039.6,2,3,45.1,2,Suburb,Good,211100.0
400.0,4,1,19.6,1,Suburb,Fair,77700.0
1782.1,4,3,0.8,2,Suburb,Poor,283200.0
2952.0,1,1,32.3,1,Suburb,Good,368900.0
2879.8,4,2,29.8,1,Downtown,Excellent,520300.0
1502.9,3,3,8.8,1,Downtown,Good,278700.0
1408.6,3,2,13.2,1,Downtown,Good,282400.0
2104.7,5,2,56.0,2,Rural,Excellent,313400.0
1151.0,3,1,11.4,2,Suburb,Good,167600.0
1996.2,3,3,35.4,1,Downtown,Good,321700.0
2298.0,1,1,1.3,2,Downtown,Good,374900.0
2597.5,2,3,3.2,2,Rural,Excellent,372700.0
1734.9,3,1,8.7,1,Rural,Good,213000.0
1667.6,1,3,13.2,1,Suburb,Excellent,290500.0
1229.3,4,2,25.4,3,Suburb,Good,247900.0
1262.5,3,3,66.7,2,Downtown,Good,226900.0
1652.8,3,2,7.4,3,Waterfront,Fair,397600.0
2038.8,2,4,0.7,1,Rural,Good,280100.0
2393.8,3,1,24.2,2,Suburb,Good,314200.0
1277.9,4,1,13.9,1,Rural,Fair,210000.0
2770.2,6,2,3.3,1,Rural,Good,382000.0
1623.8,2,1,10.2,1,Downtown,Fair,237900.0
1786.1,5,1,20.3,1,Suburb,Excellent,271500.0
1314.3,3,4,22.1,1,Downtown,Fair,293700.0
400.0,3,4,10.4,1,Downtown,Excellent,209100.0
2374.6,3,2,5.5,0,Rural,Good,311700.0
2278.9,2,4,54.6,2,Downtown,Fair,348400.0
1617.1,2,2,16.3,1,Rural,Good,241700.0
1843.5,4,2,7.9,0,Waterfront,Fair,375700.0
2135.4,3,3,4.9,1,Downtown,Good,447400.0
784.3,5,3,19.7,0,Suburb,Good,185700.0
1456.1,3,4,4.2,2,Rural,Fair,253500.0
2316.3,2,2,2.8,0,Rural,Excellent,355500.0
984.7,4,3,11.3,2,Rural,Poor,139100.0
1990.8,3,1,5.1,0,Suburb,Good,285600.0
918.2,3,1,14.9,1,Suburb,Good,178100.0
2103.2,4,1,1.9,2,Suburb,Good,351400.0
1776.8,5,4,16.0,2,Waterfront,Good,416500.0
750.2,4,3,5.0,0,Suburb,Good,187700.0
2557.1,4,3,0.0,2,Waterfront,Good,549800.0
1322.5,4,2,2.0,1,Downtown,Good,341600.0
1273.3,5,2,40.7,2,Waterfront,Fair,325500.0
1930.4,3,1,30.3,2,Suburb,Good,330900.0
2546.6,1,2,4.0,2,Suburb,Fair,342300.0
1139.7,3,2,22.6,3,Suburb,Poor,193000.0
1840.1,2,3,14.1,1,Downtown,Good,370600.0
2078.7,4,2,53.1,2,Downtown,Good,319300.0
2250.5,4,1,7.0,1,Downtown,Good,372600.0
1914.7,3,1,17.2,0,Downtown,Good,363800.0
1561.4,1,1,1.0,0,Suburb,Good,212100.0
1262.1,4,2,7.6,0,Rural,Good,157100.0
1856.0,3,4,49.8,2,Suburb,Fair,312100.0
1103.1,4,2,11.6,2,Downtown,Good,291800.0
400.0,3,3,5.1,2,Rural,Good,118200.0
2083.8,3,2,1.9,0,Suburb,Good,325200.0
2387.6,2,2,18.2,1,Waterfront,Good,436100.0
400.0,2,1,15.5,3,Suburb,Good,120100.0
1143.7,4,3,7.0,1,Downtown,Good,315400.0
2202.5,5,3,45.2,2,Suburb,Good,349600.0
3137.4,4,1,0.3,2,Suburb,Good,518400.0
1813.5,2,2,5.4,2,Downtown,Good,314300.0
1326.8,3,2,38.1,1,Downtown,Fair,229400.0
1681.1,4,2,5.8,2,Downtown,Fair,307200.0
2693.7,4,4,4.4,1,Downtown,Fair,429200.0
1380.1,2,2,11.5,2,Suburb,Good,235500.0
1280.5,1,2,26.0,1,Suburb,Excellent,239700.0
1486.2,4,1,1.6,1,Downtown,Good,311000.0
1180.3,3,1,43.0,0,Suburb,Fair,203200.0
1879.7,3,1,23.8,2,Suburb,Good,295800.0
2856.0,1,1,3.0,1,Downtown,Excellent,495800.0
2010.0,3,3,18.7,1,Downtown,Excellent,393000.0
1636.0,5,3,7.3,1,Downtown,Good,384700.0
1610.3,6,1,7.7,3,Suburb,Excellent,387300.0
783.9,3,3,22.9,2,Downtown,Poor,190700.0
2374.0,3,1,49.4,2,Suburb,Fair,275600.0
1749.4,2,2,2.0,2,Suburb,Fair,258400.0
1682.7,3,1,8.2,1,Suburb,Good,274600.0
3875.5,3,2,9.8,1,Downtown,Fair,572600.0
1994.2,4,2,7.1,3,Suburb,Good,357400.0
1311.3,3,2,6.8,0,Suburb,Good,240800.0
1522.9,2,2,0.8,1,Rural,Good,219200.0
2546.5,2,4,17.4,1,Rural,Excellent,365100.0
1873.6,3,1,8.6,1,Suburb,Fair,280100.0
865.1,2,1,3.2,1,Suburb,Good,212300.0
2397.5,2,1,25.4,1,Suburb,Good,355300.0
1365.7,6,2,24.3,0,Rural,Poor,177400.0
3017.6,3,1,10.0,1,Downtown,Good,491900.0
2502.0,3,3,5.3,1,Waterfront,Excellent,513200.0
1509.2,5,2,15.2,1,Suburb,Excellent,285700.0
2632.7,6,2,5.1,0,Suburb,Excellent,424600.0
1844.1,3,2,4.0,2,Downtown,Good,346500.0
2354.3,4,1,19.7,1,Suburb,Good,335300.0
2115.1,3,1,0.6,2,Suburb,Fair,343500.0
1249.9,3,2,1.5,2,Downtown,Fair,248800.0
1381.7,3,2,0.1,2,Downtown,Fair,257600.0
2469.5,4,1,2.5,1,Rural,Good,383700.0
1582.4,4,1,1.1,1,Suburb,Excellent,288600.0
1537.6,3,4,80.0,1,Suburb,Good,225400.0
1179.2,2,1,5.1,2,Downtown,Good,260200.0
2075.3,4,3,2.4,1,Rural,Good,283400.0
3140.6,2,3,4.1,2,Rural,Good,460000.0
1106.1,3,2,41.3,2,Suburb,Excellent,233500.0
1815.7,4,1,11.0,1,Suburb,Fair,307900.0
2717.9,4,1,6.8,0,Suburb,Good,377000.0
1748.2,4,3,31.0,2,Suburb,Good,296400.0
2094.0,5,2,7.5,1,Downtown,Fair,366500.0
1109.4,3,3,6.1,0,Waterfront,Good,324200.0
2078.4,4,4,3.5,2,Suburb,Excellent,363900.0
1678.4,4,3,7.1,1,Suburb,Fair,282800.0
2440.7,2,1,5.7,3,Suburb,Fair,311100.0
2571.8,1,1,17.0,2,Rural,Fair,306300.0
3483.2,3,3,5.1,2,Downtown,Good,504200.0
2176.8,3,1,12.9,1,Downtown,Good,316300.0
2011.8,4,1,1.0,1,Suburb,Good,342000.0
1926.3,4,3,3.2,1,Suburb,Good,319600.0
1570.4,2,2,7.8,1,Rural,Excellent,223700.0
2020.0,2,4,41.5,1,Downtown,Good,377900.0
1608.0,6,3,7.1,1,Rural,Excellent,305800.0
1909.5,2,1,16.4,1,Downtown,Excellent,371200.0
2656.4,3,4,4.4,1,Downtown,Good,459600.0
1145.7,3,2,2.0,2,Rural,Good,254600.0
2540.9,3,2,0.9,1,Suburb,Excellent,404000.0
2656.1,2,2,5.5,0,Suburb,Excellent,457400.0
1723.3,2,1,2.6,2,Downtown,Poor,274900.0
420.8,2,2,2.9,3,Suburb,Fair,77600.0
1404.9,3,1,21.5,1,Suburb,Excellent,264400.0
2643.0,3,2,0.2,0,Waterfront,Fair,482800.0
1785.1,2,2,12.2,2,Waterfront,Excellent,390900.0
1150.5,4,3,7.2,3,Suburb,Good,227600.0
1471.9,4,3,10.6,2,Suburb,Fair,258500.0
2346.4,1,1,12.4,2,Suburb,Fair,323100.0
2155.4,3,2,5.6,1,Suburb,Fair,256800.0
1644.7,4,2,5.2,1,Downtown,Fair,332000.0
1561.6,3,1,19.8,0,Suburb,Good,223200.0
1545.4,3,3,30.8,2,Downtown,Good,268500.0
1200.4,4,3,3.2,2,Downtown,Excellent,346700.0
2850.0,5,1,1.5,3,Downtown,Good,483000.0
1590.5,4,2,34.2,1,Suburb,Good,283500.0
2591.2,3,1,6.5,0,Rural,Good,342100.0
2788.9,4,2,12.0,1,Suburb,Good,416800.0
2448.9,3,1,6.7,2,Suburb,Good,364000.0
1519.4,4,4,2.0,2,Downtown,Poor,316600.0
2062.4,3,3,13.3,1,Suburb,Poor,282100.0
1784.3,2,2,11.2,1,Downtown,Fair,279700.0
1212.6,4,2,3.4,1,Suburb,Fair,230700.0
2010.8,3,4,9.0,1,Waterfront,Good,438600.0
1033.6,3,2,23.9,2,Downtown,Fair,215400.0
2572.0,5,1,13.4,1,Downtown,Excellent,482800.0
1498.0,1,2,1.5,2,Suburb,Excellent,281500.0
1930.8,3,3,11.9,2,Waterfront,Excellent,455300.0
1984.1,2,2,18.2,2,Rural,Excellent,280700.0
1631.7,4,3,23.6,1,Rural,Fair,230300.0
2181.4,4,3,14.9,2,Suburb,Good,369100.0
1491.3,3,3,2.5,1,Waterfront,Fair,376200.0
2366.3,4,4,18.6,1,Downtown,Excellent,439800.0
925.1,3,1,17.0,1,Downtown,Excellent,227300.0
1882.1,4,2,0.4,1,Rural,Excellent,328300.0
3060.3,3,3,8.0,1,Waterfront,Good,563400.0
1149.8,3,3,6.1,1,Downtown,Good,246900.0
1359.5,5,2,16.6,3,Downtown,Fair,315900.0
2134.0,3,1,3.7,1,Downtown,Poor,283300.0
1916.7,2,3,13.4,2,Downtown,Good,373500.0
2027.9,3,3,36.7,3,Downtown,Good,329700.0
2118.0,6,1,24.0,0,Waterfront,Excellent,499700.0
2212.6,3,2,38.2,2,Suburb,Fair,264500.0
2521.3,2,1,57.6,1,Rural,Excellent,334500.0
2066.4,3,2,0.2,0,Rural,Good,283800.0
1643.2,3,1,14.6,1,Suburb,Excellent,277900.0
2237.2,2,2,8.0,3,Rural,Excellent,346900.0
3034.9,4,2,29.5,0,Suburb,Excellent,469500.0
1713.8,6,2,4.4,2,Suburb,Fair,275100.0
1166.6,3,3,59.5,1,Suburb,Excellent,193100.0
2519.6,3,3,14.3,2,Suburb,Fair,389800.0
1721.8,3,1,23.7,0,Rural,Fair,148600.0
400.0,2,1,1.3,2,Waterfront,Good,204200.0
2350.8,5,3,3.0,2,Suburb,Excellent,505400.0
1452.0,3,1,21.3,2,Rural,Good,170900.0
1741.2,3,4,0.3,3,Downtown,Excellent,430300.0
2015.8,4,3,25.5,2,Rural,Good,276300.0
1923.8,3,2,0.2,0,Suburb,Fair,301400.0
2261.1,4,4,16.1,1,Downtown,Excellent,460200.0
1516.9,2,1,6.8,1,Suburb,Fair,249100.0
2133.5,4,2,14.2,1,Suburb,Excellent,361300.0
1631.3,5,2,17.9,1,Downtown,Good,370400.0
2280.2,4,2,6.3,1,Waterfront,Good,446200.0
2200.0,6,4,1.7,1,Downtown,Good,441300.0
1192.0,2,1,1.1,3,Waterfront,Fair,307200.0
2505.9,3,2,13.3,0,Rural,Good,298700.0
1451.6,4,2,11.0,3,Suburb,Fair,244100.0
2325.2,3,3,20.3,1,Suburb,Fair,341800.0
2038.7,3,2,10.7,2,Rural,Fair,256200.0
2994.8,3,2,8.2,2,Suburb,Good,505000.0
1654.7,2,3,7.6,1,Suburb,Good,259800.0
1572.9,3,1,0.4,1,Suburb,Good,290900.0
1787.4,2,3,6.1,1,Suburb,Excellent,349400.0
1602.9,4,2,56.0,1,Waterfront,Good,334600.0
2320.0,2,3,31.0,3,Downtown,Good,371800.0
749.4,2,3,6.0,2,Suburb,Good,161300.0
1115.1,3,1,13.3,0,Downtown,Good,214900.0
1105.9,3,2,28.2,0,Rural,Good,100700.0
2417.7,5,3,8.7,1,Rural,Fair,310200.0
2911.9,3,2,0.3,0,Downtown,Excellent,460100.0
1732.1,3,4,1.2,2,Downtown,Good,396500.0
1690.3,4,2,10.7,0,Downtown,Fair,314700.0
1845.5,3,1,52.3,1,Suburb,Good,267000.0
2555.2,2,2,17.7,0,Suburb,Poor,335400.0
1197.2,3,4,1.1,1,Waterfront,Fair,335800.0
1954.9,5,2,3.1,2,Suburb,Fair,356300.0
2433.9,3,3,22.1,1,Downtown,Good,393900.0
2125.7,3,3,27.6,3,Rural,Good,303900.0
1923.2,2,2,14.4,2,Suburb,Excellent,350500.0
2450.7,2,1,15.5,1,Suburb,Poor,272100.0
400.0,3,3,0.4,0,Downtown,Good,255000.0
2240.6,3,2,26.5,2,Suburb,Good,337800.0
1374.9,2,3,23.3,3,Waterfront,Fair,330600.0
610.1,5,2,4.5,2,Suburb,Good,208600.0
2132.3,4,2,18.5,0,Suburb,Fair,328100.0
2692.9,3,3,3.6,3,Suburb,Fair,411800.0
1710.7,4,2,0.6,1,Waterfront,Good,401000.0
2419.4,2,2,3.4,2,Downtown,Good,373700.0
2848.0,3,2,3.0,3,Suburb,Fair,404200.0
2654.7,4,2,6.2,1,Waterfront,Fair,498900.0
2866.0,4,2,8.1,3,Downtown,Fair,474700.0
2282.4,4,3,10.7,1,Rural,Fair,339800.0
1849.0,3,2,9.7,3,Suburb,Fair,289100.0
758.7,5,2,4.7,1,Suburb,Good,153100.0
1640.1,2,3,0.4,3,Suburb,Good,325800.0
1251.9,5,2,13.9,0,Suburb,Good,267600.0
3211.1,6,2,7.6,2,Suburb,Good,517000.0
1685.7,2,4,5.3,1,Downtown,Good,334400.0
1880.1,4,3,30.3,1,Suburb,Fair,309500.0
2158.5,1,2,20.6,1,Downtown,Poor,395200.0
1828.3,3,2,29.3,2,Downtown,Excellent,358000.0
2901.8,3,1,10.2,1,Waterfront,Fair,459200.0
1395.3,3,2,2.1,2,Suburb,Fair,222900.0
1926.5,5,2,17.9,1,Waterfront,Poor,391700.0
1317.4,4,2,3.5,3,Downtown,Good,261900.0
942.0,3,2,8.7,0,Suburb,Good,187400.0
1402.4,4,1,1.0,1,Downtown,Excellent,327900.0
1775.9,6,1,26.2,1,Rural,Excellent,314900.0
1521.0,1,4,2.0,1,Rural,Good,266500.0
1349.9,6,2,35.0,1,Downtown,Good,301100.0
885.9,2,2,30.0,1,Waterfront,Fair,182300.0
1746.0,4,1,9.4,2,Downtown,Fair,332100.0
821.9,3,1,20.5,2,Suburb,Fair,157900.0
2294.0,2,3,14.5,2,Waterfront,Fair,444600.0
1853.6,3,2,24.4,0,Rural,Fair,175200.0
852.6,4,2,8.5,2,Waterfront,Fair,255300.0
1599.0,3,1,23.1,1,Suburb,Good,214900.0
1311.1,2,3,9.3,2,Downtown,Excellent,264600.0
2007.5,3,1,42.4,1,Downtown,Good,315600.0
2671.3,5,1,10.0,1,Suburb,Excellent,410600.0
581.1,3,2,9.3,1,Rural,Good,172000.0
1874.8,2,2,23.1,2,Downtown,Good,324000.0
1695.9,3,1,25.9,0,Suburb,Good,278600.0
2236.4,1,2,12.1,2,Suburb,Fair,274200.0
1938.6,4,3,3.0,0,Suburb,Fair,294700.0
1311.2,4,3,9.5,2,Suburb,Excellent,293300.0
1592.6,3,2,51.7,3,Suburb,Excellent,250900.0
1282.6,3,1,21.0,1,Rural,Poor,117500.0
2499.4,4,2,25.0,1,Downtown,Fair,385000.0
1813.9,3,4,0.5,3,Rural,Good,294400.0
3035.8,4,2,9.5,1,Downtown,Fair,515200.0
1760.6,4,3,15.6,1,Downtown,Good,351700.0
1339.5,4,1,26.6,2,Suburb,Fair,216800.0
816.1,3,2,0.8,2,Rural,Good,162700.0
628.0,3,1,28.7,0,Downtown,Fair,150800.0
770.3,6,2,11.9,2,Suburb,Good,195600.0
1973.6,3,4,3.3,1,Suburb,Fair,314900.0
2130.7,4,4,5.7,0,Downtown,Good,404700.0
772.2,2,2,5.0,2,Rural,Excellent,191100.0
2381.8,4,2,11.4,1,Rural,Good,356800.0
1486.0,3,4,0.8,0,Downtown,Excellent,343600.0
1895.4,2,3,2.6,2,Suburb,Excellent,370300.0
2847.9,2,1,25.1,2,Rural,Excellent,376300.0
2382.9,4,2,2.1,2,Suburb,Good,384900.0
1625.5,4,1,4.0,3,Suburb,Good,274600.0
1220.7,3,2,9.1,2,Downtown,Excellent,295800.0
401.3,2,2,10.9,0,Suburb,Fair,121900.0
1332.6,4,2,21.6,1,Downtown,Good,275700.0
1662.8,2,2,8.9,2,Rural,Excellent,268900.0
1158.3,3,1,23.4,1,Suburb,Good,154800.0
1714.7,2,2,14.4,2,Downtown,Excellent,339000.0
1850.0,2,3,1.8,2,Rural,Good,270300.0
1653.8,2,3,2.5,1,Downtown,Excellent,334400.0
1377.5,3,2,8.6,3,Suburb,Good,257100.0
1909.6,2,4,7.6,1,Suburb,Good,312600.0
2087.3,3,4,20.4,1,Downtown,Good,383100.0
1091.2,3,1,13.0,3,Waterfront,Excellent,339300.0
2717.1,3,1,7.4,1,Rural,Excellent,358500.0
1735.9,3,3,2.8,1,Downtown,Excellent,362800.0
1812.3,4,3,3.9,1,Rural,Good,280900.0
2260.3,2,4,12.9,2,Suburb,Good,397300.0
1951.6,3,3,8.3,2,Waterfront,Poor,397200.0
2419.5,2,2,10.9,2,Suburb,Excellent,378000.0
1986.6,2,2,2.8,2,Suburb,Good,329800.0
1401.9,3,1,16.3,1,Suburb,Fair,249200.0
2035.0,3,1,28.7,2,Suburb,Fair,301300.0
1056.6,5,2,4.5,2,Suburb,Excellent,274500.0
1870.6,3,2,10.1,1,Downtown,Excellent,388500.0
1778.4,6,2,55.7,0,Rural,Excellent,291300.0
1664.7,1,3,6.1,3,Suburb,Good,316200.0
1716.5,2,2,13.6,2,Waterfront,Good,391900.0
576.8,1,2,1.4,2,Downtown,Good,210700.0
1443.3,2,1,14.0,2,Suburb,Poor,165600.0
1860.3,3,2,1.4,1,Waterfront,Excellent,399400.0
1903.9,4,3,48.0,2,Suburb,Fair,281200.0
1132.0,1,3,18.9,1,Rural,Good,161600.0
2622.7,5,4,23.3,0,Rural,Good,358200.0
1237.0,4,2,18.3,2,Suburb,Good,252600.0
2430.1,3,2,13.4,1,Suburb,Excellent,348000.0
2077.7,2,2,9.0,2,Downtown,Poor,311900.0
1380.0,2,2,29.3,1,Suburb,Good,204100.0
2954.0,2,3,47.1,1,Downtown,Fair,380100.0
1024.1,2,3,10.4,1,Rural,Poor,159900.0
2397.5,3,3,40.2,1,Suburb,Good,314500.0
2450.4,2,1,13.1,1,Suburb,Fair,312500.0
1364.1,3,3,11.6,1,Downtown,Good,313000.0
2705.1,6,1,9.1,3,Waterfront,Good,543600.0
1637.5,4,3,3.5,1,Downtown,Poor,270600.0
1987.7,5,2,0.1,1,Downtown,Poor,356500.0
1969.2,2,2,4.1,2,Downtown,Good,363800.0
1712.7,3,2,10.7,2,Waterfront,Excellent,476200.0
2327.0,3,4,7.2,1,Waterfront,Good,491900.0
2315.8,2,1,8.9,2,Suburb,Good,338300.0
663.5,1,2,59.2,2,Rural,Good,40900.0
2647.8,4,3,6.5,1,Downtown,Good,438300.0
719.4,4,2,9.0,1,Waterfront,Fair,230600.0
2471.2,3,1,2.1,3,Downtown,Good,455900.0
2532.4,3,2,0.7,2,Downtown,Good,435700.0
1090.9,3,2,22.4,2,Downtown,Good,256900.0
1533.0,1,4,12.7,0,Suburb,Good,296400.0
1081.3,3,3,21.5,1,Rural,Excellent,138500.0
1660.3,2,2,2.4,2,Suburb,Fair,293000.0
1599.8,2,4,12.7,1,Waterfront,Excellent,412900.0
2306.8,6,2,4.4,1,Suburb,Good,392700.0
2651.7,3,1,3.9,2,Downtown,Good,414000.0
2707.2,4,2,0.2,1,Suburb,Fair,378800.0
1434.6,3,2,2.1,2,Suburb,Good,274500.0
1664.0,3,1,5.6,2,Rural,Good,294300.0
705.8,2,4,1.9,1,Suburb,Good,209100.0
1276.2,2,3,63.9,2,Suburb,Poor,183300.0
2427.2,2,2,5.5,0,Downtown,Good,391500.0
2850.1,4,2,2.1,2,Suburb,Fair,405100.0
997.7,4,3,3.3,1,Waterfront,Excellent,332200.0
1414.9,3,4,13.3,0,Downtown,Excellent,317600.0
1782.8,3,3,1.0,2,Rural,Poor,185700.0
1982.1,5,2,29.8,1,Suburb,Excellent,324000.0
1273.8,2,3,48.9,3,Downtown,Excellent,267900.0
2075.6,3,2,4.3,1,Waterfront,Good,425900.0
1492.0,3,2,9.0,1,Suburb,Good,259300.0
1790.6,4,1,0.3,1,Suburb,Good,304600.0
2155.1,6,1,15.4,1,Downtown,Good,381400.0
1804.2,2,2,8.0,1,Downtown,Good,311800.0
1516.3,5,2,4.7,2,Rural,Good,196600.0
1728.8,4,1,3.5,2,Suburb,Good,277900.0
1742.6,2,3,15.9,2,Waterfront,Fair,346500.0
1559.5,3,1,8.1,3,Downtown,Excellent,348500.0
1631.8,3,2,3.0,1,Downtown,Good,340900.0
2839.1,6,2,17.5,2,Downtown,Good,504400.0
2164.6,2,4,12.5,1,Suburb,Excellent,398400.0
1607.9,4,2,29.4,2,Waterfront,Good,363200.0
2253.0,3,1,1.9,1,Suburb,Good,328600.0
1583.0,4,2,23.1,3,Suburb,Excellent,287500.0
2562.5,3,3,16.8,2,Rural,Excellent,348700.0
2040.3,3,4,1.8,3,Rural,Fair,331000.0
1730.3,4,2,17.8,2,Downtown,Good,327200.0
2091.0,4,2,8.7,3,Rural,Excellent,308900.0
778.9,5,4,43.5,2,Suburb,Good,165700.0
1067.6,2,1,2.3,1,Downtown,Good,209400.0
1023.9,4,2,15.4,1,Downtown,Fair,223100.0
1892.9,2,2,7.2,1,Suburb,Fair,304300.0
2926.1,3,1,47.1,0,Suburb,Good,366000.0
3250.3,3,2,6.0,1,Downtown,Good,453300.0
2214.7,3,2,49.1,1,Downtown,Excellent,371800.0
2125.5,3,3,34.8,1,Rural,Good,276900.0
629.3,6,4,4.7,3,Waterfront,Fair,292600.0
1447.3,2,2,24.4,3,Rural,Poor,147000.0
1287.9,4,3,80.0,1,Downtown,Excellent,263000.0
1396.4,3,1,4.4,1,Downtown,Good,278300.0
1690.7,2,2,8.6,1,Downtown,Good,311500.0
1493.1,2,1,11.0,1,Downtown,Excellent,314600.0
513.5,5,4,5.2,2,Suburb,Good,178200.0
2286.1,5,3,0.2,1,Suburb,Fair,355000.0
1102.7,5,3,3.7,2,Rural,Excellent,273500.0
1955.5,6,3,5.0,2,Suburb,Excellent,402200.0
3148.2,2,2,8.8,2,Downtown,Fair,494500.0
1202.4,3,4,2.8,0,Suburb,Excellent,304400.0
400.0,4,3,31.0,2,Suburb,Good,145300.0
1614.1,3,4,18.3,1,Suburb,Good,309400.0
2515.6,3,2,1.3,1,Downtown,Excellent,416200.0
3072.9,3,1,15.8,0,Suburb,Excellent,455700.0
1000.8,3,2,15.9,1,Downtown,Fair,206200.0
2122.9,3,1,46.9,1,Downtown,Fair,347400.0
1497.5,2,2,0.0,1,Rural,Fair,219900.0
1731.1,3,2,4.3,2,Rural,Good,240100.0
3518.8,3,2,39.4,2,Downtown,Poor,488100.0
823.1,3,1,40.4,1,Downtown,Good,179600.0
1964.9,2,1,19.1,0,Rural,Fair,227900.0
2104.0,4,2,21.8,2,Downtown,Good,347400.0
2505.8,1,4,1.4,0,Suburb,Poor,354400.0
1863.7,3,2,10.8,3,Downtown,Excellent,377200.0
2000.2,4,2,4.0,2,Downtown,Fair,363500.0
1545.4,3,3,3.0,1,Rural,Good,221600.0
1974.9,3,2,24.9,1,Rural,Excellent,274900.0
1576.9,4,2,2.2,0,Downtown,Good,342600.0
2204.0,3,2,9.5,1,Suburb,Fair,294700.0
1559.8,4,1,41.8,0,Downtown,Fair,219100.0
2045.1,4,4,3.1,2,Downtown,Good,405300.0
1781.0,4,1,57.2,1,Waterfront,Good,323900.0
2531.9,3,2,77.5,1,Suburb,Good,297000.0
1766.6,2,1,12.2,2,Suburb,Good,275700.0
647.5,3,1,2.8,1,Rural,Good,70600.0
2620.2,3,3,5.7,0,Rural,Good,334100.0
1211.3,3,1,8.3,0,Rural,Good,215200.0
1375.1,3,1,5.6,0,Downtown,Excellent,307500.0
1412.8,3,2,4.9,2,Downtown,Poor,238400.0
2693.4,1,1,53.8,1,Suburb,Good,342300.0
411.8,3,1,2.5,2,Suburb,Poor,101400.0
3839.5,3,3,19.8,1,Waterfront,Good,664800.0
2486.4,4,3,0.0,1,Suburb,Excellent,430200.0
1945.1,1,4,13.6,1,Waterfront,Good,438600.0
1764.3,3,3,37.1,2,Downtown,Excellent,301300.0
1985.6,5,3,5.1,1,Rural,Good,280300.0
2138.7,2,1,3.1,0,Suburb,Excellent,346000.0
2219.4,3,3,15.8,2,Waterfront,Good,464300.0
2161.1,2,3,18.7,1,Downtown,Fair,328700.0
1858.2,4,3,17.5,1,Suburb,Fair,298700.0
1671.7,3,2,5.8,2,Rural,Good,231800.0
1701.7,3,1,4.4,1,Suburb,Fair,246400.0
1673.3,3,3,46.8,2,Suburb,Good,288300.0
2537.0,5,3,38.5,1,Waterfront,Good,505500.0
2185.8,2,4,9.2,2,Suburb,Excellent,367100.0
400.0,1,1,28.1,2,Suburb,Good,60300.0
2226.3,5,1,9.0,1,Downtown,Good,377800.0
1926.6,3,1,8.3,2,Rural,Excellent,293100.0
1787.8,5,3,2.6,2,Suburb,Excellent,345800.0
1547.5,3,1,8.3,1,Suburb,Fair,257200.0
2530.7,4,1,11.6,1,Downtown,Good,423000.0
2415.9,3,4,0.3,2,Suburb,Good,415800.0
1297.6,4,1,8.8,2,Downtown,Good,244100.0
2064.6,5,3,22.8,0,Downtown,Good,402400.0
1168.4,3,2,17.1,2,Suburb,Excellent,176300.0
903.2,2,3,15.1,0,Downtown,Good,237600.0
1392.6,3,2,36.0,2,Downtown,Good,290000.0
2360.6,2,4,0.3,2,Suburb,Excellent,410200.0
2419.5,2,4,12.2,3,Downtown,Fair,446200.0
2133.5,3,1,23.2,0,Suburb,Good,299500.0
2271.3,3,1,11.7,2,Downtown,Good,383600.0
2135.5,3,2,5.9,1,Suburb,Fair,324500.0
1383.0,3,3,2.2,1,Suburb,Good,340700.0
2080.7,4,3,32.8,0,Rural,Fair,291800.0
2320.3,2,2,9.5,2,Downtown,Excellent,441400.0
2290.3,2,2,31.6,1,Downtown,Good,340600.0
2572.8,2,1,13.2,0,Downtown,Good,398400.0
2260.4,3,3,16.8,2,Suburb,Good,339800.0
2028.4,2,4,24.5,2,Waterfront,Fair,429900.0
2495.6,3,2,16.1,2,Downtown,Fair,400500.0
1782.8,3,2,7.6,3,Downtown,Good,318000.0
1226.8,4,1,10.8,1,Downtown,Good,260500.0
1694.0,1,2,24.4,3,Suburb,Good,243100.0
1315.8,4,2,7.0,2,Suburb,Good,255400.0
